 0.0,2.167228753720965,3.2303468006369447,-0.1887636992895841,0,3.0,-0.561092896607418,0.0,0.0,0.0
 0.08920286635834469,2.17916441599537,3.230307477881673,-0.1887636992895841,0.2676085990750341,3.0,-0.561092896607418,0.0,-10.424627650076513,0.0
 0.12581474239344942,2.1909721278412717,3.2301899180477234,-0.5704288745263105,0.37744422718034826,2.9999999999999996,-0.574892636054984,0.0,-13.883791875698781,0.0
 0.15368041229492146,2.202652976792701,3.2299947337828945,-0.9573100359152722,0.46104123688476434,2.9999999999999982,-0.5889505269034125,0.0,-16.827034687931878,0.0
 0.17698358268848766,2.2142080503836894,3.229722537734984,-1.3494332924665977,0.5309507480654628,2.9999999999999964,-0.6032639493960849,0.0,-19.512018869979496,0.0
 0.19734991417276876,2.2256384361482664,3.2293739425517898,-1.746821536700148,0.5920497425183061,2.9999999999999987,-0.6178296130805456,0.0,-22.045124143453904,0.0
 0.2156157536617204,2.236945221620464,3.2289495608811105,-2.1494942358184894,0.6468472609851611,3.0000000000000044,-0.6326435167927654,0.0,-24.48265955779334,0.0
 0.23227950625873348,2.2481294943343126,3.228450005370744,-2.5574672176064555,0.6968385187762004,3.0000000000000036,-0.6477009083246738,0.0,-26.858576611230475,0.0
 0.2476669647909373,2.259192341823843,3.227875888668489,-2.970752451445784,0.7430008943728119,3.0000000000000018,-0.6629962440415241,0.0,-29.195081447580122,0.0
 0.26200518043335425,2.2701348516230855,3.227227823422143,-3.389357824939114,0.7860155413000628,3.000000000000004,-0.6785231486759303,0.0,-31.507518686433375,0.0
 0.2754600353148612,2.280958111266072,3.226506422279504,-3.813286916541443,0.8263801059445836,2.999999999999996,-0.6942743753222936,0.0,-33.806905168330985,0.0
 0.28815720017567986,2.291663208286832,3.2257122978883705,-4.242538764897804,0.8644716005270396,3.0000000000000044,-0.7102417664304452,0.0,-36.10136148167565,0.0
 0.30019466504406417,2.302251230219398,3.224846062896541,-4.677107635434318,0.9005839951321926,3.0,-0.7264162156202224,0.0,-38.396974231606265,0.0
 0.311650649748812,2.312723264597799,3.2239083299518136,-5.1169827849401965,0.9349519492464361,3.0,-0.7427876308784258,0.0,-40.6983419481383,0.0
 0.3225888211499116,2.323080398956067,3.222899711701986,-5.562148224909494,0.9677664634497348,2.999999999999995,-0.7593448994101467,0.0,-43.00893472496014,0.0
 0.3330618603567312,2.333323720828232,3.221820820794856,-6.012582484527546,0.9991855810701936,3.0000000000000053,-0.7760758547673199,0.0,-45.33133892438272,0.0
 0.34311397662869564,2.343454317748326,3.220672269878223,-6.468258374159269,1.0293419298860869,2.999999999999989,-0.7929672464494965,0.0,-47.66742819828565,0.0
 0.3527827251579151,2.353473277250378,3.219454671599884,-6.929142750443117,1.0583481754737452,2.9999999999999942,-0.8100047121811026,0.0,-50.01848570129667,0.0
 0.3621003509706766,2.3633816868684203,3.2181686386076374,-7.395196283928763,1.0863010529120298,3.000000000000012,-0.8271727540000904,0.0,-52.38529312748051,0.0
 0.37109480186421934,2.373180634136483,3.2168147835492817,-7.866373230507727,1.113284405592658,3.000000000000006,-0.8444547178335671,0.0,-54.76819666275939,0.0
 0.37979050496052685,2.382871206588598,3.2153937190726145,-8.342621207807262,1.1393715148815806,3.0,-0.8618327776088898,0.0,-57.16715658625548,0.0
 0.3882089710644177,2.3924544917587944,3.213906057825435,-8.823880977784475,1.1646269131932532,3.0,-0.8792879241356223,0.0,-59.58178513685452,0.0
 0.39636927136484057,2.401931577181104,3.2123524124555405,-9.31008623693648,1.1891078140945217,2.9999999999999933,-0.8967999591187309,0.0,-62.01137584580835,0.0
 0.40428841800187254,2.4113035503895577,3.210733395610729,-9.801163415423538,1.2128652540056177,3.000000000000014,-0.9143474949936571,0.0,-64.45492665174471,0.0
 0.41198167120871093,2.420571498918186,3.2090496199387992,-10.297031486583606,1.235945013626133,3.000000000000007,-0.9319079611943378,0.0,-66.9111584773743,0.0
 0.419462789652414,2.42973651030102,3.207301698087549,-10.797601788358232,1.2583883689572422,2.9999999999999925,-0.949457616540177,0.0,-69.37853049165606,0.0
 0.42674423632003344,2.43879967207209,3.205490242704776,-11.302777858011034,1.2802327089601004,3.0,-0.9669715691977071,0.0,-71.85525303179767,0.0
 0.43383734924194783,2.4477620717654265,3.20361586643828,-11.812455281798306,1.3015120477258435,2.9999999999999845,-0.984423803895127,0.0,-74.33929888203527,0.0
 0.4407524841301487,2.4566247969150616,3.201679181935857,-12.32652156106186,1.3222574523904462,3.000000000000008,-1.001787216742001,0.0,-76.82841347068089,0.0
 0.4474991343828157,2.4653889350550258,3.199680801845307,-12.84485599621583,1.3424974031484471,3.0,-1.0190336585665218,0.0,-79.32012446205921,0.0
 0.45408603269699366,2.4740555737193493,3.1976213388144266,-13.367329590315357,1.3622580980909809,2.9999999999999747,-1.0361339861064576,0.0,-81.81175103578096,0.0
 0.46052123762132385,2.4826258004420625,3.195501405491015,-13.89380497344889,1.3815637128639713,2.9999999999999742,-1.0530581220208914,0.0,-84.30041320542935,0.0
 0.46681220768914683,2.491100702757197,3.1933216145228704,-14.424136349629356,1.4004366230674403,3.0000000000000178,-1.0697751234733193,0.0,-86.7830413393161,0.0
 0.4729658652413382,2.499481368198784,3.19108257855779,-14.958169467369174,1.4188975957240144,2.999999999999991,-1.0862532590714793,0.0,-89.25638610280888,0.0
 0.47898865163693466,2.5077688843008534,3.188784910243573,-15.495741615309276,1.4369659549108038,3.0000000000000093,-1.1024600948885068,0.0,-91.71702896145617,0.0
 0.4848865752282521,2.5159643385974366,3.186429222228017,-16.036681644146597,1.4546597256847562,3.0,-1.1183625882677488,0.0,-94.16139332115166,0.0
 0.49066525322411647,2.5240688186225637,3.18401612715892,-16.58081001579146,1.4719957596723494,3.000000000000029,-1.1339271902487538,0.0,-96.58575643835857,0.0
 0.49632994836405975,2.532083411910267,3.1815462376840804,-17.12793888087558,1.4889898450921792,3.0,-1.149119955647313,0.0,-98.98626210628262,0.0
 0.5018856011658863,2.540009205994575,3.179020166451297,-17.677872185288685,1.505656803497659,3.0,-1.1639066603688772,0.0,-101.35893418104916,0.0
 0.5073368583800207,2.5478472884095202,3.1764385261083667,-18.230405806460105,1.522010575140062,2.9999999999999796,-1.1782529255939278,0.0,-103.69969092642103,0.0
 0.5126880981796053,2.5555987466891334,3.173801929303089,-18.785327719750182,1.5380642945388157,3.0,-1.1921243481580501,0.0,-106.0043602152466,0.0
 0.5179434525303506,2.5632646683674447,3.1711109886832602,-19.342418195405354,1.5538303575910517,3.0000000000000213,-1.2054866358868404,0.0,-108.26504254592103,0.0
 0.5231070013298788,2.5708461409784853,3.1683663168966802,-19.90145002587421,1.569215107935874,2.9794916136414,-1.2183057480578665,0.0,-109.67348601473654,0.0
 0.5282198027747728,2.5783442520562856,3.165568526591146,-20.462188783636922,1.561389811361312,-1.5305301132663505,-1.2305480385487384,0.0,-110.2315050624541,0.0
 0.5333200173182244,2.5857600891348773,3.1627182304144568,-21.024393108903016,1.5540618197129057,-1.4368006651435898,-1.2421804021720835,0.0,-110.75986051395375,0.0
 0.5384068955004188,2.5930947397482904,3.15981604101441,-21.587815026814333,1.5472324291813582,-1.3425504379980095,-1.2531704220051085,0.0,-111.2575289314045,0.0
 0.5434796781852239,2.6003492914305557,3.1568625710388036,-22.152200293131774,1.540903073742542,-1.247708768951394,-1.2634865168499676,0.0,-111.72351602916746,0.0
 0.548537597005216,2.6075248317157045,3.1538584331354365,-22.717288767491382,1.5350753376772732,-1.152200395592332,-1.27309808789816,0.0,-112.15685972679009,0.0
 0.5535798748181672,2.614622448137767,3.1508042399521066,-23.282814812862053,1.5297509693332993,-1.0559450592543964,-1.281975662921946,0.0,-112.55663309141649,0.0
 0.5586057261723718,2.621643228230775,3.1477006041366113,-23.848507719709264,1.5249318960750695,-0.9588571007374082,-1.2900910369551972,0.0,-112.92194713334132,0.0
 0.5636143577783158,2.628588259528758,3.14454813833675,-24.414092153126052,1.5206202404788673,-0.8608450242348236,-1.2974174082713887,0.0,-113.25195345082712,0.0
 0.5686049689837329,2.6354586295657483,3.1413474552003198,-24.97928862105313,1.5168183381119196,-0.7618109707325954,-1.3039295080209816,0.0,-113.54584666411894,0.0
 0.5735767522491517,2.642255425875775,3.138099167375119,-25.543813961355607,1.5135287566494566,-0.6616502141884578,-1.3096037229329636,0.0,-113.80286665610582,0.0
 0.5785288936209863,2.64897973599287,3.134803887508946,-26.107381845556674,1.5107543167798831,-0.5602505383536114,-1.314418209384059,0.0,-114.02230057637519,0.0
 0.5834605731988424,2.655632647451064,3.1314622282495996,-26.669703296729356,1.5084981148716134,-0.4574915853009458,-1.318352998037656,0.0,-114.20348460072458,0.0
 0.588370965593693,2.662215247784388,3.1280748022448766,-27.230487218978187,1.5067635476801318,-0.35324411004315776,-1.321390087848025,0.0,-114.3458054009408,0.0
 0.5932592403737762,2.668728624526872,3.1246422221425765,-27.789440935727914,1.5055543389671244,-0.24736921867283912,-1.323513529067462,0.0,-114.44870137684586,0.0
 0.5981245624946064,2.675173865212548,3.1211651005904963,-28.346270734236978,1.5048745687660199,-0.13971740908874228,-1.3247094935363342,0.0,-114.511663537969,0.0
 0.6029660927096266,2.681552057375445,3.117644050236435,-28.90068241322828,1.5047287048404272,-0.030127649547690188,-1.3249663327815973,0.0,-114.53423612629103,0.0
 0.607782987958153,2.687864288549596,3.11407968372819,-29.45238183101861,1.5051216371446348,0.08157376981111877,-1.3242746224193467,0.0,-114.51601690029254,0.0
 0.6125744017267385,2.69411164626903,3.1104726137135597,-30.00107545111824,1.5060587152774705,0.19557445424137593,-1.3226271929860525,0.0,-114.45665709978795,0.0
 0.6173394843807434,2.7002952180677795,3.106823452840343,-30.546470882499825,1.507545789090122,0.3120772336240023,-1.320019147234825,0.0,-114.3558611069579,0.0
 0.622077383462332,2.7064160914798734,3.103132813756337,-31.088277411812758,1.5095892532579924,0.4313017505609695,-1.3164478630077436,0.0,-114.21338574987918,0.0
 0.6267872439513567,2.7124753540393436,3.09940130910934,-31.626206524673844,1.5121960955776377,0.5534861012804835,-1.3119129828662628,0.0,-114.02903932484774,0.0
 0.6314682084857682,2.7184740932802214,3.095629551547151,-32.159972413646486,1.5153739499088559,0.6788887862440665,-1.3064163898590344,0.0,-113.80268027041376,0.0
 0.6361194175377765,2.7244133967365363,3.0918181537175675,-32.68929247026303,1.5191311540240724,0.8077908503369237,-1.2999621702062725,0.0,-113.53421554129643,0.0
 0.6407400095423903,2.7302943519423204,3.0879677282683873,-33.21388775884324,1.5234768128747112,0.9404982838345052,-1.2925565634894878,0.0,-113.22359867825686,0.0
 0.6453291209748679,2.7361180464316033,3.0840788878474092,-33.73348346996389,1.5284208679837625,1.0773447500232316,-1.2842079008452667,0.0,-112.87082758701602,0.0
 0.6498858863734605,2.7418855677384166,3.0801522451024312,-34.24780935162291,1.5339741736882695,1.2186946701759676,-1.2749265319052234,0.0,-112.4759420333635,0.0
 0.6544094383039146,2.747598003396791,3.0761884126812515,-34.75660011633758,1.5401485809387572,1.364946693530665,-1.2647247415214706,0.0,-112.0390208635328,0.0
 0.6588989072623299,2.753256440940757,3.072188003231668,-35.25959582263565,1.5469570295782726,1.51653763564917,-1.253616657227853,0.0,-111.56017897633295,0.0
 0.6633534215126655,2.758861967904346,3.068151629401479,-35.75654222965572,1.5544136503055155,1.6739469913427845,-1.241618148222749,0.0,-111.03956404833477,0.0
 0.6677721068551303,2.764415671821588,3.0640799038384823,-36.24719112374978,1.5625338773867545,1.8377020430039177,-1.2287467172108442,0.0,-110.4773530316105,0.0
 0.6721540863217738,2.7699186402265146,3.059973439190477,-36.73130061626342,1.5713345735212692,2.0083836999938995,-1.2150213862146957,0.0,-109.8737484440821,0.0
 0.6764984797950575,2.775371960653156,3.05583284810526,-37.208635411889105,1.5808341687423322,2.18663325029873,-1.200462577095566,0.0,-109.22897443246977,0.0
 0.6808044035453928,2.780776720635543,3.05165874323063,-37.67896704712265,1.5910528146767948,2.373159983073744,-1.185091988806327,0.0,-108.54327268836991,0.0
 0.6850709696831397,2.7861340077077075,3.047451737214386,-38.142074098855076,1.6020125570569963,2.568750143877797,-1.1689324714179599,0.0,-107.81689814628498,0.0
 0.6892972855198883,2.791444909403679,3.0432124427043252,-38.59774236295983,1.6137375285673006,2.774277163186311,-1.1520078987825983,0.0,-107.05011452258366,0.0
 0.6934824528338904,2.7967105132574885,3.0389414723482453,-39.04576500321993,1.6262541651448634,2.99071354583283,-1.1343430407080315,0.0,-106.21376493036605,0.0
 0.6976267148153172,2.801931906803167,3.0346394387939455,-39.48594267112505,1.6386869510891438,2.9999999999999734,-1.1159634358383268,0.0,-105.27847725809725,0.0
 0.7017314562328452,2.807110177574746,3.030306954689223,-39.91808359710063,1.6510011753417277,3.000000000000054,-1.0968952654630164,0.0,-104.24459183674666,0.0
 0.7057980466374156,2.812246413106255,3.0259446326818775,-40.342003653992315,1.6632009465554392,3.0,-1.0771652305023836,0.0,-103.11385778071927,0.0
 0.7098277934509704,2.8173417009317263,3.0215530854197055,-40.7575263938175,1.6752901869961034,3.0000000000000275,-1.0568004309482584,0.0,-101.88813245356343,0.0
 0.7138219452252406,2.822397128585189,3.0171329255505057,-41.16448305883398,1.6872726423189142,3.000000000000028,-1.0358282499195024,0.0,-100.56937003223645,0.0
 0.7177816946918687,2.827413783600675,3.0126847657220766,-41.562712568178256,1.6991518907187986,3.0,-1.0142762419542501,0.0,-99.15961014160914,0.0
 0.7217081816220853,2.8323927535122158,3.008209218582216,-41.95206148140465,1.7109313515094482,2.9999999999999716,-0.9921720267698659,0.0,-97.6609666408116,0.0
 0.725602495512254,2.8373351258538406,3.0037068967787213,-42.33238394032127,1.7226142931799544,3.0000000000000284,-0.9695431882969674,0.0,-96.07561662321399,0.0
 0.7294656781099065,2.842241988159581,2.9991784129593926,-42.7035415905188,1.734203840972912,3.0,-0.9464171808539932,0.0,-94.40578978070381,0.0
 0.7332987257933805,2.8471144279634677,2.9946243797720262,-43.065403484344266,1.7457029840233338,2.9999999999999423,-0.9228212404347097,0.0,-92.6537580617288,0.0
 0.7371025918168498,2.8519535327995316,2.990045409864421,-43.41784596658202,1.7571145820937417,3.0000000000000293,-0.8987823038227838,0.0,-90.82182582474897,0.0
 0.7408781884313684,2.8567603902018037,2.9854421158843754,-43.76075254469034,1.7684413719372976,2.9999999999999707,-0.8743269340828143,0.0,-88.91232043821947,0.0
 0.7446263888914928,2.861536087704314,2.9808151104796874,-44.094013745067606,1.7796859733176706,3.0,-0.8494812531388377,0.0,-86.92758338863226,0.0
 0.7483480293561267,2.8662817128410945,2.976165006298155,-44.41752695689957,1.790850894711572,2.9999999999999405,-0.824270881287361,0.0,-84.8699619790615,0.0
 0.7520439106913996,2.870998353146175,2.971492415987576,-44.73119626530331,1.8019385387173912,3.00000000000006,-0.7987208839231961,0.0,-82.74180156832874,0.0
 0.7557148001826622,2.875687096153587,2.966797952195749,-45.03493227516862,1.812951207191179,3.00000000000003,-0.7728557250450001,0.0,-80.5454384378051,0.0
 0.7593614331620132,2.880349029397361,2.962082227570472,-45.32865192731221,1.8238911061292318,2.999999999999939,-0.7466992274181462,0.0,-78.28319325365844,0.0
 0.7629845145571932,2.8849852404115275,2.9573458547595437,-45.61227830834482,1.8347603503147718,3.0000000000000306,-0.7202745396320194,0.0,-75.95736517389291,0.0
 0.7665847203671553,2.8895968167301174,2.952589446410761,-45.88574045575328,1.8455609677446583,3.0000000000000306,-0.6936041091048503,0.0,-73.57022653457184,0.0
 0.7701626990691439,2.8941848458871617,2.947813615171923,-46.14897315939445,1.856294903850624,2.999999999999969,-0.6667096618764368,0.0,-71.12401822929515,0.0
 0.7737190729617044,2.898750415416692,2.943018973690828,-46.40191676095911,1.8669640255283053,2.999999999999969,-0.6396121875481902,0.0,-68.62094562483635,0.0
 0.7772544394476545,2.9032946128527377,2.9382061346152737,-46.64451695235537,1.8775701249861558,3.0000000000000626,-0.6123319301109228,0.0,-66.0631751340241,0.0
 0.7807693722607225,2.9078185257293305,2.933375710593058,-46.876724574369405,1.88811492342536,3.0000000000000315,-0.5848883842582852,0.0,-63.45283135600678,0.0
 0.7842644226392358,2.9123232415805007,2.92852831427198,-47.09849541661796,1.8986000745609,3.000000000000032,-0.5573002962107604,0.0,-60.79199479773461,0.0
 0.787740120449985,2.9168098479402795,2.923664558299837,-47.30979001984752,1.9090271679931474,2.999999999999968,-0.5295856693622879,0.0,-58.08270013507147,0.0
 0.7911969752651246,2.9212794323426974,2.918785055324427,-47.51057348148575,1.919397732438566,2.999999999999968,-0.50176177393804,0.0,-55.32693500992182,0.0
 0.7946354773947593,2.9257330823217855,2.913890417993549,-47.70081526534353,1.92971323882747,2.9999999999999676,-0.4738451613203706,0.0,-52.52663935187932,0.0
 0.7980560988776567,2.930171885411575,2.9089812589550004,-47.88048901633497,1.9399751032761625,3.0000000000000324,-0.4458516805750861,0.0,-49.68370513979985,0.0
 0.8014592944323413,2.934596929146095,2.90405819085658,-48.049572380807,1.9501846899402162,2.9999999999999676,-0.417796499786526,0.0,-46.79997665798934,0.0
 0.804845502370666,2.9390093010593787,2.8991218263460854,-48.20804683327969,1.9603433137551902,3.0,-0.38969412940725245,0.0,-43.87725117445372,0.0
 0.8082151454757946,2.943410088685455,2.894172778071315,-48.355897510171694,1.970452243070576,2.9999999999999343,-0.361558448302244,0.0,-40.91727999002888,0.0
 0.8115686318464047,2.9478003795583554,2.8892116586800674,-48.493113050940686,1.980512702182406,2.9999999999999667,-0.3334027323722051,0.0,-37.921769914530564,0.0
 0.8149063557087808,2.952181261212111,2.8842390808201395,-48.61968544728796,1.9905258737695344,3.0000000000000333,-0.3052396851292541,0.0,-34.89238504367504,0.0
 0.8182286981983617,2.9565538211807523,2.87925565713933,-48.73560990068137,2.0004929012382773,3.0,-0.27708146990658694,0.0,-31.830748885822146,0.0
 0.8215360281121995,2.96091914699831,2.874262000285438,-48.84088468865131,2.0104148909797908,3.000000000000067,-0.24893974380680617,0.0,-28.738446777915485,0.0
 0.8248287026336876,2.9652783261988147,2.8692587229062605,-48.93551104014409,2.020292914544255,3.0,-0.22082569266549013,0.0,-25.617028546393705,0.0
 0.8281070680308277,2.969632446316298,2.864246437649596,-49.01949302010814,2.0301280107356754,3.0000000000000338,-0.19275006734884678,0.0,-22.46801146920515,0.0
 0.8313714603292268,2.97398259488479,2.8592257571632427,-49.09283742370855,2.0399211876308727,2.999999999999966,-0.16472322000590942,0.0,-19.292883374274137,0.0
 0.8346222059609332,2.978329859438322,2.854197294094999,-49.1555536800605,2.0496734245259915,2.9999999999999316,-0.1367551415162206,0.0,-16.09310600872164,0.0
 0.8378596223901582,2.9826753275109246,2.8491616610926624,-49.20765376585039,2.0593856738136664,2.9999999999999316,-0.10885550065249162,0.0,-12.870118524203123,0.0
 0.8410840187168533,2.9870200866366283,2.8441194708040323,-49.249152128743965,2.069058862793752,3.000000000000069,-0.08103367992815089,0.0,-9.62534114081007,0.0
 0.8442956962590676,2.991365224349464,2.839071335876905,-49.280065620722056,2.078693895420395,3.0000000000000346,-0.0532988144011044,0.0,-6.36017889988827,0.0
 0.8474949491149343,2.995711828183463,2.8340178689590796,-49.30041344123134,2.088291653987995,3.0000000000000693,-0.025659830360046258,0.0,-3.0760255702592687,0.0
 0.8506820647050976,3.000060985672656,2.828959682698355,-49.31021709028206,2.097853000758485,3.0,0.0018745185674071436,0.0,0.22573242588603237,0.0
 0.8538573242963354,3.004413784351073,2.823897389742528,-49.30950033123171,2.1073787795321985,2.999999999999965,0.02929561683005367,0.0,3.543712000441386,0.0
 0.8570210035070803,3.008771311752746,2.8188316027393983,-49.29828916324704,2.1168698171644333,3.000000000000035,0.05659494241374781,0.0,6.876529324108133,0.0
 0.8601733727955051,3.013134655411705,2.8137629343367623,-49.27661180339477,2.1263269250297077,3.0,0.0837640420639587,0.0,10.222795818040408,0.0
 0.8633146979307925,3.0175049028619805,2.8086919971824194,-49.24449867793865,2.13575090043557,3.0,0.11079448974991882,0.0,13.581114043071915,0.0
 0.8664452404481704,3.0218831416376046,2.8036194039241673,-49.20198242299346,2.1451425279877037,3.0000000000000355,0.13767785529731771,0.0,16.950073702109975,0.0
 0.8695652580882499,3.026270459272607,2.7985457672098035,-49.14909789404223,2.154502580907942,2.9999999999999645,0.1644056728789377,0.0,20.299861360457175,0.0
 0.8726793537361358,3.030667943301019,2.7934716996871276,-49.08588218412694,2.1578017115222368,1.0594185238126441,0.1909694081550466,0.0,23.54618637448993,0.0
 0.8758011982815822,3.0350766812568706,2.7883978140039365,-49.012374650627685,2.1484361778858974,-3.000000000000071,0.2173604309413531,0.0,26.682751289666832,0.0
 0.8789402186825835,3.039497760674194,2.7833247228080293,-48.92861694997457,2.1390191166828934,-3.0,0.2435699853868132,0.0,29.767897974934755,0.0
 0.8820967690602106,3.0439322690870187,2.7782530387472035,-48.834653080380626,2.1295494655500122,-2.999999999999965,0.26958916498118884,0.0,32.800584665413204,0.0
 0.8852712139562565,3.0483812940293764,2.773183374469258,-48.730529431802175,2.120026130861875,-2.999999999999895,0.2954088874968361,0.0,35.779763795652045,0.0
 0.8884639289576857,3.0528459230352976,2.7681163426219895,-48.61629484318421,2.1104479858575873,-3.0000000000000346,0.32101987253310355,0.0,38.704379983830556,0.0
 0.8916753013411377,3.057327243638813,2.7630525558531973,-48.492000666185504,2.1008138687072315,-2.999999999999896,0.34641262091690506,0.0,41.57336824919343,0.0
 0.8949057307384929,3.0618263433739537,2.757992626810679,-48.357700835246234,2.0911225805151656,-3.000000000000103,0.3715773964507272,0.0,44.3856526252023,0.0
 0.8981556298245801,3.0663443097747503,2.7529371681422337,-48.21345194334421,2.081372883256904,-3.0,0.3965042097054777,0.0,47.140145078232955,0.0
 0.9014254250281879,3.0708822303752332,2.7478867924956583,-48.05931332307002,2.0715634976460806,-3.0,0.4211828043110304,0.0,49.83574481229883,0.0
 0.9047155572676251,3.075441192709434,2.7428421125187517,-47.89534713238672,2.061693100927769,-3.0000000000000675,0.44560264561273305,0.0,52.47133788318746,0.0
 0.9080264827121705,3.0800222843113825,2.7378037408593117,-47.72161844467993,2.0517603245941327,-3.0,0.469752912015771,0.0,55.04579722963529,0.0
 0.9113586735708559,3.084626592715111,2.732772290165137,-47.5381953423423,2.0417637520180767,-2.9999999999999334,0.4936224889581231,0.0,57.557983008042164,0.0
 0.9147126189101346,3.0892552054546485,2.727748373084025,-47.345149013494186,2.031701916000241,-2.9999999999999005,0.5171999658714459,0.0,60.00674336908702,0.0
 0.918088825502114,3.0939092100640275,2.7227326022637746,-47.142553850968255,2.0215732962243025,-3.000000000000033,0.5404736357275898,0.0,62.390915511511416,0.0
 0.9214878187051609,3.0985896940772775,2.7177255903521833,-46.93048755321275,2.0113763166151615,-3.0000000000000653,0.5634314977668398,0.0,64.70932720920612,0.0
 0.9249101433788399,3.1032977450284305,2.7127279499970496,-46.709031226087525,2.0011093425941247,-2.9999999999999676,0.5860612632955592,0.0,66.96079860681756,0.0
 0.9283563648352992,3.108034450451516,2.7077402938461717,-46.47826948518706,1.9907706782247472,-2.9999999999999356,0.6083503644504565,0.0,69.14414446921394,0.0
 0.9318270698294078,3.112800897880566,2.7027632345473473,-46.23829055766439,1.9803585632424212,-3.000000000000032,0.6302859664351328,0.0,71.25817672154217,0.0
 0.9353228675901294,3.1175981748496104,2.6977973847483754,-45.98918638304812,1.9698711699602565,-2.999999999999968,0.6518549826445835,0.0,73.30170738957216,0.0
 0.938844390895847,3.122427368892681,2.692843357097053,-45.731052712126846,1.9593066000431039,-2.9999999999999054,0.6730440934148505,0.0,75.27355186628553,0.0
 0.9423922971965798,3.1272895675438073,2.6879017642411793,-45.463989203181924,1.9486628811409055,-3.000000000000031,0.6938397677816888,0.0,77.17253251559798,0.0
 0.9459672697863079,3.132185858337021,2.6829732188285518,-45.188099514758754,1.9379379633717213,-3.0,0.7142282887489113,0.0,78.99748259705295,0.0
 0.9495700190288983,3.1371173288063523,2.678058333506969,-44.90349139416568,1.92712971564395,-3.0000000000000306,0.7341957816964363,0.0,80.74725049489507,0.0
 0.9532012836414613,3.1420850664858335,2.6731577209242285,-44.610276760881796,1.9162359218062608,-3.0000000000000306,0.7537282459643724,0.0,82.4207042401137,0.0
 0.9568618320393076,3.147090158909493,2.6682719937281294,-44.308571784026284,1.9052542766127216,-3.00000000000003,0.7728115900927551,0.0,84.01673629328343,0.0
 0.9605524637470936,3.152133693611364,2.6634017645664696,-43.9984969530776,1.894182381489364,-2.99999999999997,0.7914316691342599,0.0,85.5342685479605,0.0
 0.9642740108811513,3.1572167581254753,2.6585476460870465,-43.68017714109922,1.8830177400871908,-3.0,0.809574326325227,0.0,86.97225760837283,0.0
 0.9680273397085201,3.1623404399858597,2.6537102509376584,-43.35374165943637,1.8717577536050845,-3.0,0.8272254363555203,0.0,88.32970016129877,0.0
 0.9718133522887105,3.167505826726546,2.648890191766104,-43.01932430342124,1.8603997158645131,-3.0000000000000293,0.8443709520145504,0.0,89.60563859408701,0.0
 0.9756329882048594,3.1727140058815664,2.6440880812201817,-42.6770633879578,1.8489408081160663,-2.999999999999971,0.8609969531310507,0.0,90.79916665232491,0.0
 0.9794872263915876,3.1779660649849513,2.6393045319476887,-42.32710177252333,1.8373780935558819,-3.0,0.8770896978873881,0.0,91.90943523397547,0.0
 0.9833770870676367,3.1832630915707316,2.6345401565964237,-41.9695868746488,1.8257085115277347,-2.9999999999999427,0.8926356759334275,0.0,92.93565817850154,0.0
 0.9873036337821984,3.188606173172938,2.6297955678141847,-41.60467067136238,1.8139288713840496,-3.0,0.9076216634926426,0.0,93.87711808803992,0.0
 0.9912679755847852,3.1939963973256007,2.62507137824877,-41.23250968781959,1.8020358459762893,-3.0,0.9220347798203036,0.0,94.73317207317294,0.0
 0.9952712693295468,3.1994348515627515,2.6203682005479774,-40.853264972637625,1.7900259647420045,-3.0,0.9358625446530763,0.0,95.50325741802999,0.0
 0.9993147221261182,3.2049226234184207,2.615686647359605,-40.46710205934902,1.7778956063522904,-3.0,0.9490929367794795,0.0,96.20181444172869,0.0
 1.00339896053835,3.210460800426639,2.6110273313314525,-40.07419091347971,1.7661905471463186,-2.865909877081724,0.9617144525618095,0.0,96.85420979292658,0.0
 1.0075235623432552,3.216050470121438,2.6063908651113157,-39.67470586495513,1.755272050046069,-2.6471639243489125,0.9737161648339029,0.0,97.47111150502047,0.0
 1.011687671414574,3.221692720036847,2.6017778613469944,-39.26882552534556,1.7451114228663849,-2.440048280595696,0.9850877811572524,0.0,98.05266507708963,0.0
 1.0158904417842691,3.2273886377068988,2.597188932686286,-38.856732689889924,1.7356824424038095,-2.243515498863479,0.9958197012978985,0.0,98.59900844854249,0.0
 1.0201310368214185,3.2331393106656225,2.592624691776989,-38.43861422399519,1.7269611184453864,-2.05662740299906,1.005903073577275,0.0,99.11027551332785,0.0
 1.0244086285002014,3.2389458264470496,2.588085751266901,-38.014660934177485,1.7189254842623618,-1.8785416623287532,1.0153298492763008,0.0,99.5865993984752,0.0
 1.0287223967505814,3.244809272585211,2.583572723803821,-37.58506742352903,1.7115554097573158,-1.7085003359642226,1.0240928351196117,0.0,100.02811555224638,0.0
 1.0330715288859493,3.250730736614137,2.5790862220355466,-37.150031931740465,1.7048324347317247,-1.5458199052906716,1.0321857429633854,0.0,100.43496461783823,0.0
 1.0374552191025437,3.256711306067859,2.5746268586098755,-36.70975615994125,1.6987396193776723,-1.3898827364644253,1.0396032367342074,0.0,100.80729511885164,0.0
 1.0418726680456494,3.262752068480408,2.5701952461746074,-36.26444508066113,1.6932614104646653,-1.2401295371068903,1.0463409754723119,0.0,101.14526593415421,0.0
 1.0463230824384775,3.268854111385814,2.565791997377539,-35.81430673338134,1.68838352036793,-1.0960530112872164,1.0523956533144576,0.0,101.44904861742926,0.0
 1.0508056747694894,3.275018522318108,2.5614177248664687,-35.359552006060404,1.6840928187259232,-0.9571920275512249,1.0577650343636407,0.0,101.71882950391988,0.0
 1.0553196630340653,3.2812463888113212,2.557073041289195,-34.900394403393314,1.680377234080908,-0.823126784394566,1.0624479836557421,0.0,101.95481163040547,0.0
 1.059864270527361,3.2875387983994844,2.552758559293516,-34.43704980248021,1.6772256650429507,-0.6934744183312939,1.0664444930137544,0.0,102.15721649907668,0.0
 1.0644387256846846,3.293896838616628,2.5484748915272295,-33.9697361966082,1.6746278997480297,-0.5678851809842455,1.069755701745523,0.0,102.326285623528,0.0
 1.0690422619661752,3.3003215969967825,2.544222650638134,-33.49867342819011,1.67257454269109,-0.4460390733088238,1.0723839119677054,0.0,102.46228191838166,0.0
 1.073674117782706,3.30681416107398,2.540002449274028,-33.02408291171143,1.6710569481563313,-0.32764287034638423,1.074332598347482,0.0,102.5654908783124,0.0
 1.0783335364601379,3.31337561838225,2.5358149000827086,-32.54618734785306,1.6700671594869216,-0.21242750178338585,1.0756064122000955,0.0,102.63622161785457,0.0
 1.083019766238846,3.320007056455624,2.5316606157119748,-32.06521042973337,1.669597853880862,-0.10014566681981724,1.0762111794656761,0.0,102.67480767112299,0.0
 1.087732060305832,3.326709562828133,2.5275402088096244,-31.58137654271582,1.6696422916629932,0.009430180183888482,1.0761538931813843,0.0,102.68160766721448,0.0
 1.0924696768568822,3.3334842250338075,2.5234542920234557,-31.094910458743183,1.6701942700342276,0.11650971860778421,1.0754426998468636,0.0,102.65700579323047,0.0
 1.0972318791858942,3.3403321306066776,2.5194034780012666,-30.60603702666527,1.6712480807096572,0.2212864138530404,1.0740868799611498,0.0,102.6014121013844,0.0
 1.102017935798885,3.347254367080775,2.515388379390856,-30.114980859775233,1.6727984710078267,0.3239389801535646,1.0720968229303265,0.0,102.51526262490795,0.0
 1.1068271205502986,3.3542520219901304,2.511409608840021,-29.62196602197237,1.674840608113696,0.42463270001614223,1.069483996442388,0.0,102.3990193521563,0.0
 1.111658712799148,3.3613261828687744,2.5074677789965603,-29.127215713780718,1.6773700462747707,0.5235206182138323,1.0662609104546683,0.0,102.25317001871603,0.0
 1.1165119975824787,3.3684779372507383,2.5035635025082716,-28.630951959681557,1.680382696697587,0.6207446208727894,1.0624410760189829,0.0,102.07822774627364,0.0
 1.1213862658041194,3.3757083726700516,2.499697392022954,-28.133395298056488,1.6838747995936483,0.7164363422917678,1.0580389596510438,0.0,101.87473054001411,0.0
 1.1262808144363234,3.3830185766607466,2.495870060188405,-27.63476447503571,1.6878428987901672,0.8107181059373997,1.0530699327949118,0.0,101.64324063353223,0.0
 1.1311949467320919,3.390409636756854,2.492082119652423,-27.135276143591906,1.6922838180028488,0.9037036338044085,1.047550217669635,0.0,101.38434370321616,0.0
 1.136127972446267,3.397882640492403,2.488334183062806,-26.635144569089174,1.697194639172383,0.9954987981154925,1.0414968291872928,0.0,101.098647960193,0.0
 1.1410792080632362,3.405438675401426,2.4846268630673514,-26.134581342481237,1.7025726823640828,1.0862022347043834,1.0349275138190406,0.0,100.78678311264805,0.0
 1.1460479770293879,3.4130788290179535,2.4809607723138587,-25.633795102352845,1.708415487284194,1.1759059356378851,1.027860685628621,0.0,100.44939922746713,0.0
 1.1510336099884828,3.420804188876016,2.4773365234501252,-25.132991266843103,1.714720796152355,1.2646957607777223,1.0203153601147723,0.0,100.08716550555323,0.0
 1.1560354450180796,3.428615842509645,2.4737547291239497,-24.63237177640437,1.7214865380185584,1.3526519419711511,1.0123110861034181,0.0,99.70076894420521,0.0
 1.161052827865408,3.4365148774528698,2.4702160019831294,-24.132134848438266,1.7287108141184155,1.4398494832228907,1.0038678765433424,0.0,99.29091295070049,0.0
 1.1660851121812275,3.4445023812397224,2.466720954675463,-23.632474744493063,1.7363918844375787,1.5263585753724227,0.9950061383723064,0.0,98.85831586335816,0.0
 1.17113165974991,3.452579441404234,2.463270199848749,-23.13358155092878,1.7445281554096108,1.6122449776404657,0.9857466019325496,0.0,98.40370943998687,0.0
 1.1761918407146108,3.4607471454804344,2.4598643501507853,-22.635640973564612,1.753118168297635,1.6975702940165336,0.9761102508306574,0.0,97.92783729150277,0.0
 1.1812650337962411,3.469006581002354,2.4565040182293694,-22.138834146918338,1.7621605887368423,1.7823923303746068,0.9661182520623636,0.0,97.43145328451743,0.0
 1.1863506265047843,3.4773588355040257,2.4531898167323005,-21.643337458511834,1.77165419700714,1.8667653534954973,0.9557918872613212,0.0,96.91531991078917,0.0
 1.191448015342179,3.4858049965194784,2.4499223583073757,-21.149322388626047,1.7815978789457265,1.9507403213267356,0.9451524855022297,0.0,96.3802066747303,0.0
 1.196556605995809,3.494346151582743,2.446702255602394,-20.656955365612582,1.7919906176739215,2.034365137635373,0.934221357784636,0.0,95.82688843477419,0.0
 1.2016758135214367,3.502983388227852,2.443530121265153,-20.166397637179802,1.802831486067279,2.117684883663357,0.9230197335820703,0.0,95.25614379452429,0.0
 1.2068050625149667,3.5117177939888338,2.4404065679434517,-19.67780515749419,1.8141196396263795,2.2007419747685106,0.9115687000835532,0.0,94.66875347969987,0.0
 1.2119437872725907,3.520550456399721,2.4373322082850875,-19.191328490214655,1.8258543099719369,2.283576353870175,0.899889144120519,0.0,94.06549875431048,0.0
 1.2170914319384676,3.529482462994544,2.434307654937858,-18.707112727308978,1.8380347989743775,2.366225680491029,0.8880016969860984,0.0,93.44715987276466,0.0
 1.2222474506394778,3.538514901307333,2.4313335205495625,-18.22529742344871,1.8506604732608336,2.4487254640838145,0.8759266825815781,0.0,92.81451455746104,0.0
 1.227411307606785,3.54764885887212,2.4284104177679984,-17.746016545783935,1.8637307591866497,2.5311092093691276,0.8636840689376181,0.0,92.16833653929318,0.0
 1.2325824772840304,3.5568854232229343,2.425538959240964,-17.269398438669793,1.8772451381269306,2.6134085291666254,0.8512934233527409,0.0,91.50939414384966,0.0
 1.2377604444216688,3.5662256818938074,2.422719757616258,-16.795565803007737,1.8912031424562625,2.6956533246168797,0.8387738708856115,0.0,90.83844893653071,0.0
 1.2429447041574064,3.5756707224187707,2.4199534255416784,-16.32463568972922,1.9056043515261207,2.777871828177041,0.8261440568864394,0.0,90.15625443046827,0.0
 1.2481347620830492,3.585221632331854,2.4172405756650224,-15.856719506876104,1.920448388074209,2.860090727455581,0.813422113163135,0.0,89.46355486756799,0.0
 1.253330134297417,3.5948794991670887,2.414581820634089,-15.391923039718568,1.9357349151153334,2.942335295794486,0.8006256277396635,0.0,88.75817118027483,0.0
 1.2585305181066884,3.6046454104585055,2.4119777730966767,-14.930346483372132,1.9513360665431476,3.0000000000000426,0.7877716184728196,0.0,88.03139362517084,0.0
 1.2637361836918641,3.614520453740136,2.4094290457005823,-14.472084487162519,1.966953063298675,3.0,0.7748765104389386,0.0,87.27799651810798,0.0
 1.2689477867896153,3.6245057165460093,2.4069362510936054,-14.017226210143233,1.9825878725919284,3.0,0.7619561165989166,0.0,86.49971265917512,0.0
 1.2741659639275955,3.634602286410157,2.404500001923543,-13.565855387103268,1.9982424040058693,3.0000000000000426,0.7490256223047962,0.0,85.6982505748507,0.0
 1.2793913329387343,3.6448112508666104,2.4021209108381942,-13.118050404240636,2.0139185110392854,2.9999999999999574,0.7360995729230596,0.0,84.87529074803905,0.0
 1.2846244934544249,3.6551336974493998,2.399799590485357,-12.67388438394024,2.0296179925863567,2.999999999999915,0.7231918648849694,0.0,84.03248219484453,0.0
 1.289866027378267,3.665570713692556,2.3975366535128284,-12.233425277811309,2.0453425943578827,2.999999999999958,0.7103157396469328,0.0,83.17143935425717,0.0
 1.2951164993418667,3.67612338713011,2.3953327125684076,-11.796735967309546,2.0610940102486817,2.999999999999958,0.6974837807609683,0.0,82.29373928962136,0.0
 1.3003764571440553,3.6867928052960925,2.3931883802998932,-11.36387437126183,2.0768738836552476,3.000000000000042,0.6847079135455816,0.0,81.40091921418703,0.0
 1.3056464321747643,3.6975800557245346,2.3911042693550826,-10.9348935595263,2.092683808747375,3.000000000000042,0.6719994074764227,0.0,80.49447431781567,0.0
 1.3109269398246692,3.708486225949467,2.3890809923817735,-10.509841872115997,2.1085253316970896,2.999999999999958,0.6593688808489693,0.0,79.57585588692127,0.0
 1.316218479881615,3.71951240350492,2.3871191620277648,-10.08876304312461,2.124399951867927,3.0000000000000417,0.6468263076977365,0.0,78.64646971176639,0.0
 1.321521536914737,3.730659675924925,2.385219390940855,-9.671696328789405,2.1403091229672935,3.0000000000000417,0.6343810267864072,0.0,77.70767476984814,0.0
 1.3268365806471014,3.7419291307435127,2.3833822917688408,-9.258676639047316,2.1562542541643865,3.0,0.6220417524453941,0.0,76.76078217975912,0.0
 1.3321640663176093,3.7533218554947134,2.381608477159522,-8.849734671927672,2.1722367111759104,3.0000000000000417,0.6098165868100253,0.0,75.80705437581484,0.0
 1.3375044350328429,3.7648389377125584,2.3798985597606954,-8.44489705034506,2.188257817321611,2.9999999999999583,0.5977130339975268,0.0,74.84770456132382,0.0
 1.3428581141094529,3.776481464931079,2.3782531522201604,-8.044186460502814,2.2043188545514405,2.999999999999917,0.5857380150364554,0.0,73.88389633388272,0.0
 1.3482255174076405,3.788250524684304,2.3766728671857136,-7.647621791637379,2.2204210644460036,3.0000000000000413,0.5738978844368363,0.0,72.91674356567457,0.0
 1.353607045656229,3.8001472045062674,2.375158317305155,-7.255218276343617,2.236565649191769,2.9999999999999587,0.5621984472635803,0.0,71.9473104242654,0.0
 1.3590030867697585,3.812172591930997,2.3737101152262814,-6.866987631286416,2.2527537725323574,3.0000000000000413,0.5506449773999788,0.0,70.4857356569015,0.0
 1.3644516988914686,3.824327774492525,2.3723288735968917,-6.4829381975785685,2.2377140949969108,-2.7602767823242105,0.5392422361154656,0.0,68.53839690015748,0.0
 1.3699940391574559,3.8366138397248823,2.3710152050647832,-6.103075080672605,2.221087074198949,-2.99999999999996,0.5279944914723033,0.0,66.60299918961121,0.0
 1.3756345477838383,3.8490318751620993,2.3697697222777547,-5.727400289200661,2.2041655483198017,-3.0,0.516905537869243,0.0,64.70029254020902,0.0
 1.381376212961406,3.8615829683382072,2.368593037883605,-5.3559128725441,2.186940552787099,-2.9999999999999227,0.505978716028095,0.0,62.830522923774566,0.0
 1.3872221585098048,3.874268206787237,2.36748576453013,-4.988609056754292,2.1694027161419025,-3.000000000000038,0.49521693295863645,0.0,60.99386409512343,0.0
 1.3931756537281865,3.8870886780432174,2.36644851486513,-4.625482378513349,2.151542230486757,-3.0000000000000746,0.48462268213237536,0.0,59.19042123287614,0.0
 1.399240124195588,3.900045469640182,2.365481901536403,-4.266523816993515,2.133348819084552,-3.0000000000000364,0.4741980634774029,0.0,57.42023452845921,0.0
 1.4054191636347166,3.913139669112161,2.364586537191746,-3.9117219232381535,2.1148117007671665,-2.999999999999964,0.4639448033672107,0.0,55.68328266582135,0.0
 1.4117165469693944,3.9263723639931842,2.3637630344789575,-3.561062946958258,2.0959195507631327,-3.0000000000000706,0.4538642742104624,0.0,53.97948620000272,0.0
 1.4181362447253125,3.939744641817282,2.3630120060458366,-3.2145309605344883,2.076660457495378,-3.0000000000000693,0.44068039107371026,0.0,38.753673727860495,0.0
 1.431359482631486,3.9669122964308268,2.3617298226097874,-2.7020819130927665,2.0369907437768577,-3.0,0.5378875419867477,0.0,92.91366460661409,0.0
 1.438154102199187,3.980674630068064,2.3612322113043756,-2.0707689094498485,2.016606885073754,-3.000000000000033,0.7376982674543032,0.0,85.45991044194152,0.0
 1.4449819114380553,3.9945089035776125,2.360873025119465,-1.4872649433815046,2.037090312790359,3.0,0.7211226991981742,0.0,84.38218949439202,0.0
 1.4517746993891334,4.008413869343984,2.360651171871557,-0.9140746232984118,2.0574686766435932,3.0,0.7049337466817763,0.0,83.30742946190438,0.0
 1.4585335625800215,4.022388279751695,2.360565559377151,-0.3510111047808359,2.077745266216257,2.9999999999999343,0.6891298961974925,0.0,82.23719573601645,0.0
 1.4652595251760536,4.03643088718526,2.3606150954527507,0.20211319774218015,2.0979231540043535,3.0,0.6737087918085332,0.0,81.17291302921114,0.0
 1.4719535436802247,4.050540444029192,2.360798687914855,0.7454861795971879,2.118005209516867,3.000000000000066,0.6586673267597501,0.0,80.1158738721712,0.0
 1.4786165112887766,4.064715702668006,2.361115244579966,1.2792956521382937,2.1379941123425232,3.0000000000000666,0.6440017286126363,0.0,79.06724683840442,0.0
 1.485249261931807,4.078955415486216,2.3615636732645844,1.8037289844483617,2.1578923642716146,3.0000000000000333,0.6297076386548432,0.0,78.02808452967378,0.0
 1.4918525740253132,4.093258334868336,2.3621428817852106,2.3189727786562875,2.1777023005521334,3.0,0.6157801854204747,0.0,76.99933125254556,0.0
 1.4984271739584671,4.107623213198883,2.362851777958347,2.8252125767621687,2.1974261003515956,3.0000000000000675,0.6022140526376033,0.0,75.98183038733282,0.0
 1.5049737393376126,4.122048802862369,2.363689269600494,3.322632597019983,2.2170657964890323,3.000000000000068,0.5890035419026728,0.0,74.97633145128378,0.0
 1.5114929020064345,4.136533856243308,2.3646542645281516,3.8114154980624098,2.2366232844954985,3.000000000000068,0.5761426302507415,0.0,73.98349681935423,0.0
 1.5179852508599236,4.151077125726216,2.365745670557823,4.291742168814663,2.2561003310559657,2.999999999999966,0.5636250228268298,0.0,73.00390812091212,0.0
 1.524451334468144,4.165677363695607,2.366962395506008,4.763791542451322,2.2754985818806266,2.999999999999931,0.5514442010739956,0.0,72.03807231587619,0.0
 1.5308916635243697,4.1803333225359935,2.3683033471892068,5.227740432741741,2.2948195690493036,3.0000000000000346,0.5395934665814496,0.0,71.08642743136055,0.0
 1.537306713130861,4.195043754631893,2.369767433423922,5.683763391062172,2.3140647178687774,2.9999999999999307,0.5280659807970487,0.0,70.14934798034132,0.0
 1.543696924934385,4.209807412367818,2.3713535620266537,6.132032582535658,2.3332353532793495,3.0000000000000346,0.5168548011639758,0.0,69.22715007685356,0.0
 1.5500627091225607,4.224623048128283,2.3730606408139034,6.572717679887357,2.3523327058438768,3.000000000000035,0.505952913466311,0.0,68.32009622876105,0.0
 1.556404446291151,4.239489414297802,2.3748875776021716,7.0059857735029585,2.371357917349648,3.000000000000035,0.4953532611381135,0.0,67.4283998507535,0.0
 1.5627224891915983,4.254405263260891,2.3768332802079604,7.43200129646853,2.3903120460509895,2.999999999999965,0.4850487713455172,0.0,66.55222947821109,0.0
 1.5690171643673199,4.269369347402063,2.378896656447769,7.8509259632539505,2.409196071578154,3.0,0.4750323784201739,0.0,65.6917127249224,0.0
 1.5752887736866048,4.284380419105833,2.3810766141381006,8.262918720979362,2.4280108995360092,3.0000000000000355,0.46529704448608594,0.0,64.84693995711775,0.0
 1.5815375957793139,4.299437230756714,2.383372061095455,8.668135712027977,2.446757365814136,2.9999999999999645,0.4558357779400075,0.0,64.01796774106293,0.0
 1.5877638873840256,4.314538534739222,2.385781905136333,9.066730247124866,2.4654362406282715,3.0,0.44664164954726526,0.0,63.20482203834004,0.0
 1.5939678846117455,4.329683083437872,2.3883050540772364,9.45885278782926,2.4840482323114315,3.000000000000036,0.437707806636769,0.0,62.407501181259256,0.0
 1.600149804131834,4.344869629237176,2.3909404157346663,9.844650937581632,2.5025939908716968,2.999999999999964,0.42902748538350965,0.0,61.6259786347079,0.0
 1.6063098442853725,4.360096924521651,2.393686897925123,10.224269440472534,2.5210741113323123,3.000000000000036,0.4205940215644216,0.0,60.86020556364573,0.0
 1.6124481861307955,4.375363721675809,2.3965434084651074,10.597850187004912,2.5394891368685815,3.0,0.4124008595463846,0.0,60.11011320002191,0.0
 1.618564994426262,4.3906687730841645,2.399508855171122,10.965532226068227,2.5578395617549803,2.9999999999999636,0.4044415601676732,0.0,59.375615039311704,0.0
 1.6246604185529054,4.406010831131234,2.4025821458596663,11.327451782513146,2.5761258341349107,2.9999999999999636,0.3967098071667693,0.0,58.656608876878614,0.0
 1.630734593382802,4.421388648201531,2.405762188347242,11.683742279760162,2.5943483586246,2.9999999999999636,0.38919941256725027,0.0,57.952978671265036,0.0
 1.636787640095225,4.436800976679569,2.40904789045035,12.034534366781394,2.612507498761869,2.999999999999963,0.3819043210330263,0.0,57.264596277704875,0.0
 1.642819666944493,4.452246568949863,2.412438159985492,12.379955949040998,2.6306035793096734,3.0000000000000737,0.37481861337889527,0.0,56.5913230368853,0.0
 1.6488307699824873,4.467724177396928,2.415931904769168,12.720132222872138,2.6486368884236566,3.000000000000037,0.3679365090791312,0.0,55.93301124068313,0.0
 1.6548210337387,4.4832325544052765,2.4195280326178796,13.055185712883034,2.666607679692295,3.000000000000074,0.3612523682158254,0.0,55.28950547541326,0.0
 1.6607905318604792,4.498770452359426,2.4232254513481277,13.38523631197262,2.6845161740576327,3.0,0.3547606927603613,0.0,54.6606438610577,0.0
 1.6667393277159426,4.514336623643887,2.4270230687764136,13.710401323630238,2.7023625616240228,3.0,0.34845612718320096,0.0,54.046259179658705,0.0
 1.6726674749618815,4.529929820643177,2.4309197927192376,14.030795506139432,2.7201470033618396,3.0,0.34233345851860836,0.0,53.446179922875075,0.0
 1.6785750180787977,4.545548795741809,2.4349145309931015,14.34653111846828,2.737869632712588,2.9999999999999623,0.33638761632854236,0.0,52.86023123390736,0.0
 1.6844619928750917,4.561192301324297,2.439006191414506,14.657717967468562,2.7555305571014697,2.9999999999999623,0.330613671710844,0.0,52.28823578542116,0.0
 1.6903284269622736,4.576859089775156,2.4431936817999524,14.964463456238763,2.7731298593630154,3.0,0.3250068363687667,0.0,51.730014569586004,0.0
 1.6961743402029532,4.592547913478903,2.4474759099659416,15.266872633351653,2.790667599085054,2.999999999999962,0.31956246141776556,0.0,51.18538763053656,0.0
 1.701999745133236,4.608257524820047,2.451851783728974,15.565048242813022,2.8081438138759025,3.0,0.3142760354973973,0.0,50.65417471861845,0.0
 1.7078046473610737,4.623986676183105,2.456320210905552,15.859090774486408,2.8255585205594156,3.0,0.3091431832177531,0.0,50.13619590157938,0.0
 1.7135890459419798,4.639734119952593,2.4608800993121758,16.149098514911532,2.842911716302134,3.000000000000038,0.30415966301612507,0.0,49.63127211233992,0.0
 1.7193529337334637,4.655498608513024,2.465530356765347,16.43516759831566,2.860203379676585,2.999999999999923,0.2993213650338702,0.0,49.139225646064524,0.0
 1.725096297729433,4.671278894248912,2.470269891081565,16.717392057681085,2.877433471664493,2.9999999999999614,0.2946243088677591,0.0,48.65988062396376,0.0
 1.7308191193757363,4.687073729544771,2.4750976100773325,16.995863875822437,2.8946019366034035,3.0000000000001164,0.29006464109981617,0.0,48.19306339442841,0.0
 1.7365213748679509,4.702881866785116,2.48001242156915,17.27067303624996,2.911708703080047,2.999999999999961,0.2856386328858838,0.0,47.73860292154677,0.0
 1.7422030354324405,4.718702058354463,2.485013233373519,17.541907573873143,2.928753684773516,3.000000000000039,0.2813426775132668,0.0,47.2963311186881,0.0
 1.747864067591655,4.734533056637324,2.49009895330694,17.809653625348894,2.94573678125116,3.000000000000039,0.277173287612045,0.0,46.86608316012968,0.0
 1.7535044334145782,4.750373614018214,2.4952684891859143,18.073995479059565,2.9626578787199294,3.0,0.2731270927333868,0.0,46.447697763590234,0.0
 1.7591240907531727,4.766222482881648,2.5005207488269425,18.335015624657544,2.979516850735713,3.0,0.2692008367528818,0.0,46.04101744525379,0.0
 1.764722993465621,4.7820784156121405,2.505854640046526,18.592794802115655,2.996313558873058,3.0,0.26539137509651084,0.0,45.645888750940685,0.0
 1.770301091627116,4.797940164594205,2.511269070661166,18.847412050237082,3.0130478533575427,2.99999999999996,0.26169567234815794,0.0,45.26216246740668,0.0
 1.7758583317289016,4.813806482212355,2.516762948487363,19.09894475459449,3.0297195736628995,3.0,0.2581107995434316,0.0,44.88969381760023,0.0
 1.7813946568662284,4.829676120851108,2.5223351813416186,19.347468694883776,3.04632854907488,3.00000000000004,0.25463393159348746,0.0,44.52834263258481,0.0
 1.7869100069158437,4.845547832894976,2.5279846770404335,19.593058091631686,3.0628745992237256,2.9999999999999596,0.25126234489789606,0.0,44.17797351457905,0.0
 1.7924043187036054,4.8614203707284736,2.5337103434003088,19.83578565227226,3.079357534587011,3.0000000000000404,0.24799341481366016,0.0,43.83845598361515,0.0
 1.797877526162767,4.877292486736115,2.5395110882377456,20.07572261655992,3.095777156964496,3.0,0.24482461320983628,0.0,43.50966461397482,0.0
 1.8033295604834516,4.893162933302415,2.545385819369245,20.31293880131678,3.1121332599265497,3.0,0.24175350613952998,0.0,43.191479160872845,0.0
 1.8087603502538039,4.90903046281189,2.551333444611308,20.547502644510033,3.128425629237607,3.0000000000000817,0.23877775156763661,0.0,42.88378467881406,0.0
 1.814169821593276,4.924893827649051,2.5573528717804357,20.779481248658172,3.1446540432560233,3.0,0.23589509711143317,0.0,42.586471627837476,0.0
 1.819557898278485,4.940751780198414,2.5634430086931292,21.008940423541436,3.1608182733116506,3.0000000000000413,0.2331033777967129,0.0,42.29943598525027,0.0
 1.8249245018620406,4.956603072844493,2.569602763165889,21.235944728282263,3.1769180840623172,3.0,0.23040051407634457,0.0,42.022579340790145,0.0
 1.830269551784734,4.972446457971803,2.5758310430152167,21.460557512739133,3.192953233830398,3.0000000000000417,0.22778450975794712,0.0,41.755808991624974,0.0
 1.8355929654814453,4.988280687964858,2.582126756057613,21.682840958242405,3.2089234749205313,2.9999999999999165,0.22525344996040442,0.0,41.49903804182781,0.0
 1.8408946584811103,5.004104515208173,2.5884888101095793,21.9028561177216,3.2248285539195267,3.000000000000084,0.2228054993773355,0.0,41.25218548996541,0.0
 1.8461745445010689,5.0199166920862615,2.594916112987616,22.1206629551828,3.2406682119794024,3.0,0.2204389004108255,0.0,41.015176322917405,0.0
 1.8514325355360974,5.035715970983637,2.6014075725082253,22.336320384588817,3.256442185084488,3.0,0.21815197134611872,0.0,40.78794160514838,0.0
 1.8566685419424123,5.051501104284817,2.6079620964879076,22.54988630813377,3.2721502043034327,3.000000000000042,0.21594310490430238,0.0,40.57041857921607,0.0
 1.8618824725169087,5.0672708443743115,2.6145785927431633,22.761417653984065,3.287791996026922,3.0,0.2138107665981569,0.0,40.36255075040253,0.0
 1.8670742345719018,5.08302394363664,2.621255969090494,22.97097041341274,3.3033672821919016,3.0000000000000426,0.2117534931670626,0.0,40.16428799781463,0.0
 1.8722437340055906,5.098759154456312,2.627993133346401,23.178599677471958,3.3188757804929683,3.000000000000043,0.20976989122676892,0.0,39.869713414638625,0.0
 1.8774045435022881,5.114475229217844,2.6347889933273856,23.38435967309283,3.316696571243737,-0.42226112989168113,0.20785863601310747,0.0,39.40259573338252,0.0
 1.8825804493497835,5.130170920305752,2.6416424568499477,23.588303798755742,3.301168853701251,-2.999999999999957,0.20601847019785308,0.0,38.87160056734936,0.0
 1.8877816980247797,5.145844980104549,2.648552431730589,23.790484659701644,3.2855651076762626,-3.0,0.2042482025092074,0.0,38.356088376347856,0.0
 1.8930082331452662,5.161496160998747,2.655517825785811,23.990954102685112,3.2698855023148026,-3.000000000000085,0.20254670690807866,0.0,37.855687694752824,0.0
 1.8982599974049628,5.177123215372864,2.6625375468321133,24.189763250346648,3.254130209535713,-2.999999999999958,0.20091292149984097,0.0,37.370041171233325,0.0
 1.9035369325841538,5.192724895611414,2.669610502685999,24.386962535250948,3.2382994039981403,-2.999999999999958,0.19934584771893027,0.0,36.89880515327869,0.0
 1.9088389795592804,5.208299954098909,2.6767356011639674,24.582601733499676,3.2223932630727607,-2.9999999999999583,0.1978445494378293,0.0,36.441649322961275,0.0
 1.9141660783113021,5.223847143219865,2.6839117500825203,24.77672999812964,3.2064119668166953,-3.0000000000000417,0.19640815236127046,0.0,35.998256318850814,0.0
 1.9195181679328364,5.239365215358796,2.6911378572581586,24.969395892167086,3.190355697952093,-2.9999999999999587,0.19503584332318694,0.0,35.56832138994675,0.0
 1.9248951866340938,5.254852922900216,2.698412830507383,25.160647421453163,3.174224641848321,-2.9999999999999587,0.19372686985165052,0.0,35.15155206697455,0.0
 1.9302970717476111,5.270309018228642,2.7057355776466956,25.350532067280785,3.1580189865077686,-3.0000000000000413,0.19248053964097028,0.0,34.747667839032154,0.0
 1.9357237597317924,5.285732253728585,2.7131050064925963,25.539096818821186,3.1417389225552244,-3.000000000000041,0.19129622027294244,0.0,34.35639985548155,0.0
 1.9411751861732636,5.301121381784561,2.7205200248615866,25.72638820542711,3.125384643230811,-2.999999999999959,0.190173339053802,0.0,33.97749063886324,0.0
 1.9466512857880407,5.316475154781083,2.7279795405701677,25.912452328825687,3.10895634438648,-3.0,0.18911138258777188,0.0,33.61069381345888,0.0
 1.9521519924215174,5.331792325102667,2.7354824614348403,26.09733489524113,3.09245422448605,-3.0,0.1881098971728185,0.0,33.2557738511557,0.0
 1.9576772390472656,5.347071645133827,2.7430276952721058,26.281081247498875,3.0758784846088045,-3.0000000000000804,0.18716848844256812,0.0,32.91250582700231,0.0
 1.963226957764653,5.362311867259078,2.750614149898465,26.46373639712311,3.059229328456642,-3.00000000000004,0.18628682190456913,0.0,32.58067519589227,0.0
 1.9688010797952675,5.377511743862932,2.758240733130419,26.645345056504834,3.0425069623647985,-3.00000000000004,0.18546462292961027,0.0,32.260077575500425,0.0
 1.9743995354781478,5.392670027329906,2.765906352784468,26.82595167113755,3.0257115953161575,-3.0,0.18470167723534295,0.0,31.950518556773797,0.0
 1.9800222542638062,5.407785470044513,2.7736099166771147,27.005600452038248,3.0088434389591825,-3.0,0.18399783158042407,0.0,31.651813508986777,0.0
 1.9856691647070377,5.422856824391268,2.781350332624859,27.184335408289364,2.991902707629488,-3.0,0.18335299411729106,0.0,31.363787420669762,0.0
 1.9913401944585023,5.437882842754685,2.7891265084442027,27.36220037987059,2.9748896183750944,-2.999999999999961,0.1827671353265121,0.0,31.08627473679662,0.0
 1.997035270255064,5.452862277519279,2.796937351951646,27.53923907072939,2.9578043909854093,-3.0,0.18224028889748464,0.0,30.819119223492084,0.0
 2.002754317908874,5.467793881069563,2.80478177096369,27.715495082216986,2.9406472480239803,-2.9999999999999223,0.1817725526783456,0.0,30.562173832825724,0.0
 2.0084972622951756,5.482676405790053,2.8126586732968364,27.891011946863394,2.9234184148650746,-3.0000000000000773,0.18136408998657708,0.0,30.315300597654137,0.0
 2.0142640273388155,5.497508604065262,2.8205669667675863,28.06583316263738,2.9061181197341543,-3.000000000000077,0.1810151306499512,0.0,30.07837052652221,0.0
 2.020054535999431,5.512289228279705,2.8285055591924397,28.240002227668413,2.888746593752308,-2.999999999999923,0.18072597296880477,0.0,29.851263524667733,0.0
 2.025868710255294,5.527017030817897,2.8364733583878983,28.413562675558516,2.8713040709847197,-2.9999999999998472,0.1804969847731338,0.0,29.633868315926865,0.0
 2.0317064710857835,5.541690764064352,2.8444692721704636,28.586558111269113,2.8537907884932525,-2.9999999999998477,0.18032860574301754,0.0,29.42608239202225,0.0
 2.0375677384524526,5.556309180403583,2.8524922083566358,28.759032247722395,2.8362069863932446,-3.000000000000076,0.18022134912249863,0.0,29.227811971303428,0.0
 2.043452431278666,5.570871032220107,2.8605410747629163,28.931028943155834,2.818552907914605,-2.9999999999999245,0.1801758040023467,0.0,29.038971970788428,0.0
 2.049360467427757,5.585375071898436,2.868614779205806,29.102592239291695,2.800828799467332,-3.0,0.18019263769170374,0.0,28.859485993913566,0.0
 2.055291763679688,5.599820051823086,2.8767122295018064,29.27376640040005,2.7830349107115397,-2.999999999999925,0.1802725983173441,0.0,28.68928633952372,0.0
 2.061246235706151,5.61420472437857,2.884832333467418,29.444595953367934,2.7651714946321504,-2.9999999999999254,0.18041651779712442,0.0,28.528314018193637,0.0
 2.0672237980440844,5.6285278419494045,2.8929739989191425,29.615125728807822,2.7472388076183507,-3.0,0.1806253147209077,0.0,28.376518790492888,0.0
 2.073224364067543,5.642788156920101,2.90113613367348,29.785400903326085,2.7292371095479755,-2.999999999999926,0.18089999782752342,0.0,28.2338592233265,0.0
 2.0792478459578856,5.656984421675176,2.909317645546932,29.955467043052277,2.711166663876948,-2.9999999999999263,0.18124166961516774,0.0,28.10030275801502,0.0
 2.0852941546722157,5.671115388599143,2.9175174423559995,30.125370148493378,2.6930277377339586,-2.999999999999853,0.18165153030089756,0.0,27.97582580274079,0.0
 2.0913631999100257,5.685179810076518,2.925734431917184,30.295156700855305,2.674820602020528,-3.0000000000000733,0.18213088186045506,0.0,27.86041383803471,0.0
 2.097454890077984,5.699176438491813,2.933967522046986,30.464873709907714,2.6565455315166533,-2.999999999999927,0.18268113286391885,0.0,27.754061549269043,0.0
 2.1035691322527974,5.7131040262295425,2.9422156205619068,30.63456876355462,2.638202804992214,-2.999999999999927,0.18330380313732705,0.0,27.65677296845797,0.0
 2.109705832142088,5.726961325674223,2.9504776352784474,30.80429007916829,2.6197927053243415,-3.0000000000000724,0.18400052939661646,0.0,27.568561652117843,0.0
 2.1158648940432077,5.740747089210368,2.9587524740131084,30.974086556908514,2.6013155196209823,-3.000000000000072,0.18477307066070264,0.0,27.48945086787631,0.0
 2.1220462207999167,5.75446006922249,2.9670390445823918,31.144007835085358,2.5827715393508552,-3.0,0.18562331460256393,0.0,27.419473807323897,0.0
 2.12824971375685,5.768099018095106,2.9753362548027975,31.314104347731902,2.564161060480056,-2.9999999999999285,0.18655328414335617,0.0,27.358673838748224,0.0
 2.1344752727116787,5.781662688212729,2.9836430124908273,31.484427384640963,2.5454843836155687,-3.0000000000001426,0.18756514466895913,0.0,27.307104757207277,0.0
 2.1407227958648916,5.795149831959875,2.991958225462982,31.655029153858827,2.5267418141559306,-2.999999999999929,0.18866121174636985,0.0,27.264831092328492,0.0
 2.1469921797670857,5.808559201721055,3.0002808015357627,31.825962847005115,2.507933662449348,-3.000000000000071,0.18984395939832546,0.0,27.231928420791967,0.0
 2.153283319263687,5.821889549880787,3.0086096485256704,31.99728270746178,2.4890602439595435,-3.0,0.19111602899742114,0.0,27.20848373095411,0.0
 2.1595961074369776,5.835139628823583,3.016943674249206,32.16904410177172,2.4701218794396715,-3.00000000000007,0.19248023924115396,0.0,27.194595798481593,0.0
 2.1659304355453375,5.848308190933959,3.025281786522871,32.341303594333525,2.4511188951145924,-2.99999999999993,0.19393959622492354,0.0,27.190375616814066,0.0
 2.172286192959575,5.8613939885964275,3.033622893163166,32.514119025755996,2.4320516228718794,-3.0,0.1954973047480031,0.0,27.19594685090881,0.0
 2.178663267096232,5.874395774195506,3.041965901986592,32.68754959504082,2.412920400461909,-2.9999999999999303,0.19715678063415126,0.0,27.211446341678315,0.0
 2.185061543347729,5.887312300115704,3.0503097208096506,32.86165594593767,2.393725571707418,-2.9999999999999307,0.19892166358711727,0.0,27.237024635616105,0.0
 2.1914809050092328,5.9001423187415405,3.0586532574488423,33.036500257656975,2.3744674867229074,-3.0,0.2007958313640309,0.0,27.272846586950436,0.0
 2.197921233202088,5.912884582457529,3.066995419720668,33.21214634043032,2.3551465021443416,-3.000000000000069,0.2027834150871663,0.0,27.31909198259886,0.0
 2.204382406793682,5.925537843648182,3.0753351154416295,33.388659736094624,2.3357629813695584,-3.000000000000069,0.20488881558540176,0.0,27.375956224826606,0.0
 2.2108643023135888,5.938100854698016,3.083671252428227,33.566107824101486,2.316317294809839,-2.9999999999999316,0.20711672136356926,0.0,27.443651092999037,0.0
 2.2173667938658195,5.950572367991543,3.092002738496962,33.744559933496085,2.2968098201531464,-3.0000000000000684,0.20947212771250792,0.0,27.522405524923617,0.0
 2.2238897530370365,5.962951135913279,3.1003284814643357,33.92408746102884,2.277240942639496,-2.9999999999998637,0.2119603575492,0.0,27.612466502431182,0.0
 2.2304330488005344,5.975235910847738,3.1086473891468485,34.10476399611392,2.257611055349002,-3.000000000000068,0.21458708416058794,0.0,27.714099981915663,0.0
 2.236996547415825,5.987425445179435,3.116958369361002,34.28666545296925,2.2379205595031295,-3.0000000000000675,0.21735835542985107,0.0,27.827591909109938,0.0
 2.2435801123236288,5.999518491292883,3.1252603299232975,34.46987021053075,2.2181698647797194,-2.999999999999865,0.22028062048128366,0.0,27.953249316574862,0.0
 2.2501836040360796,6.011513801572598,3.133552178650235,34.65445926072883,2.1983593896423663,-3.000000000000067,0.22336075842004097,0.0,28.09140150889124,0.0
 2.2568068800219483,6.023410128403094,3.141832823358316,34.84051636575206,2.178489561684761,-2.999999999999933,0.22660610950452897,0.0,28.24240133538602,0.0
 2.2634497945866663,6.035206224168884,3.150101171864043,35.0281282249255,2.1585608179906073,-2.999999999999933,0.23002450922613318,0.0,28.40662657991665,0.0
 2.2701121987469413,6.046900841254485,3.158356131983915,35.21738465203092,2.138573605509783,-2.9999999999999334,0.23362432495086594,0.0,28.584481455634037,0.0
 2.276793940099741,6.058492732044408,3.166596611534433,35.40837876382136,2.1185283814513842,-3.0,0.23741449637262074,0.0,28.77639821574835,0.0
 2.283494862685423,6.0699806489231705,3.1748215183320996,35.60120718055985,2.098425613694338,-3.0,0.2414045789283546,0.0,28.982838908278328,0.0
 2.290214806844771,6.081363344275284,3.1830297601934148,35.79597023960287,2.0782657812162935,-2.999999999999934,0.24560479172471433,0.0,29.204297267296155,0.0
 2.2969536090697145,6.092639570485266,3.19122024493488,35.99277222300563,2.0580493745414636,-3.0,0.25002606925459714,0.0,29.44130076523778,0.0
 2.3037111018474787,6.103808079937629,3.199391880372996,36.191721600294706,2.0377768962081713,-2.9999999999999343,0.25468011833381043,0.0,29.69441282772456,0.0
 2.310487113497946,6.1148676250168865,3.2075435743242644,36.392931287569155,2.0174488612567703,-2.9999999999999343,0.25957947994165936,0.0,29.964235246982067,0.0
 2.3172814680039724,6.1258169581075546,3.215674234605185,36.59651892433912,1.9970657977386912,-2.9999999999999347,0.2647375972008865,0.0,30.251410791569178,0.0
 2.324093984834439,6.136654831594147,3.2237827690322605,36.80260716950204,1.9766282472472916,-3.0000000000000324,0.27016888941260264,0.0,30.556626032737757,0.0
 2.330924478759798,6.147379997861179,3.2318680854219908,37.01132401799813,1.9561367654712145,-2.999999999999935,0.27588883340058384,0.0,30.880614429992452,0.0
 2.337772759659905,6.157991209293164,3.239929091590877,37.22280313998262,1.9355919227708935,-3.0000000000000324,0.281914052791498,0.0,31.224159663590903,0.0
 2.3446386323239254,6.168487218274618,3.247964695355421,37.43718424427387,1.9149943047788327,-2.999999999999903,0.2882624157027499,0.0,31.588099276754114,0.0
 2.351521896242125,6.178866777190052,3.2559738045321227,37.65461346827006,1.8943445130242347,-2.9999999999999356,0.29495314246594495,0.0,31.973328618906027,0.0
 2.358422345389391,6.189128638423982,3.2639553269374835,37.87524379647364,1.8736431655824364,-3.0000000000000644,0.3020069238454254,0.0,32.380805159216386,0.0
 2.3653397680003425,6.199271554360925,3.271908170388005,38.09923551024283,1.852890897749582,-2.9999999999999356,0.30944605125306757,0.0,32.81155317153842,0.0
 2.3722739463359357,6.209294277385391,3.2798312427001877,38.326756671402066,1.8320883627428028,-2.999999999999936,0.3172945603131786,0.0,33.2666688433448,0.0
 2.3792246564415334,6.219195559881898,3.287723451690533,38.55798364271108,1.8112362324260096,-3.000000000000032,0.3255783892868436,0.0,33.747325866728595,0.0
 2.3861916678964397,6.228974154234957,3.2955837051755412,38.79310164859703,1.7903351980612914,-2.9999999999999045,0.3343255538567952,0.0,34.2547815175831,0.0
 2.393174743555011,6.238628812829086,3.3034109109717145,39.03230537960215,1.7693859710855773,-3.0,0.343566340885702,0.0,34.79038332801374,0.0
 2.4001736392795094,6.248158288048797,3.311203976895553,39.27579964473024,1.7483892839120827,-2.999999999999905,0.35333352209427005,0.0,35.35557636161314,0.0
 2.4071881036650136,6.2575613322786054,3.3189618107635575,39.523800075947754,1.727345890755571,-2.999999999999905,0.3636625917453482,0.0,35.95191119155847,0.0
 2.41421787775681,6.266836697903026,3.32668332039223,39.776533889792745,1.706256568480181,-3.0000000000000315,0.37459202980382644,0.0,36.58105263661933,0.0
 2.4212626947608635,6.2759831373065715,3.334367413598071,40.03424071143337,1.6851221174680209,-3.0,0.38616359436293896,0.0,37.24478934014732,0.0
 2.4283222797481603,6.2849994028737575,3.342012998197582,40.2971734671141,1.663943362506131,-2.999999999999937,0.39842264700218566,0.0,37.94504428327768,0.0
 2.4353963493539537,6.293884246989097,3.3496189820072635,40.56559935156892,1.6427211536887516,-2.999999999999906,0.41141851495566617,0.0,38.68388632833599,0.0
 2.442484611473225,6.302636422037107,3.3571842728436168,40.83980087765626,1.6214563673309388,-2.999999999999906,0.4252048949608623,0.0,39.463542919782924,0.0
 2.4495867649540024,6.3112546804023,3.3647077785231425,41.12007701636781,1.6001499068886067,-2.9999999999999063,0.4398403039742435,0.0,40.28641403198356,0.0
 2.4567024992906084,6.319737774469191,3.3721884068623424,41.406744435993915,1.5788027038787893,-2.9999999999999374,0.45538858289363154,0.0,41.155087557491,0.0
 2.463831494319349,6.3280844566222925,3.379625065677718,41.70013885059865,1.557415718792568,-2.999999999999969,0.4719194603576039,0.0,42.07235622893579,0.0
 2.47097341991978,6.336293479246122,3.387016662785768,42.000616488620544,1.5359899419912744,-2.999999999999969,0.4895091845212032,0.0,43.04123632031621,0.0
 2.4781279357253276,6.344363594725192,3.3943621060029954,42.30855569416456,1.514526394574632,-3.0,0.5082412316137938,0.0,44.064988229425026,0.0
 2.48529469084789,6.352293555444017,3.4016603031459014,42.62435867428344,1.4930261292069447,-2.999999999999969,0.5282071021695416,0.0,45.14713926025007,0.0
 2.4924733236220016,6.360082113787112,3.408910162030985,42.94845340783445,1.4714902308846096,-3.000000000000093,0.5495072167792584,0.0,46.29150876817853,0.0
 2.499663461375318,6.367728022138992,3.41611059047475,43.2812957326865,1.4499198176246608,-2.999999999999969,0.5722519245998773,0.0,47.50223595687549,0.0
 2.5068647202335437,6.3752300328841685,3.423260496293696,43.62337163015649,1.428316041049983,-3.0000000000000617,0.596562641161056,0.0,48.7838106523793,0.0
 2.5140767049696096,6.382586898407159,3.430358787304324,43.97519972794858,1.4066800868417848,-3.0000000000000924,0.6225731331123603,0.0,50.141107340951244,0.0
 2.521299008908839,6.3897973710924765,3.437404371323135,44.337334045014444,1.3850131750240973,-2.9999999999999076,0.6504309709477142,0.0,51.579422855274075,0.0
 2.5285312139042384,6.3968602033246365,3.44439615616663,44.710367004648184,1.3633165600378983,-3.000000000000092,0.6802991736837669,0.0,53.104518119562236,0.0
 2.535772890398832,6.403774147488151,3.4513330496513106,45.09493274527134,1.3415915305541166,-3.0000000000000613,0.7123580733635222,0.0,54.722664355731816,0.0
 2.5430235975953566,6.410537955967537,3.458213959593677,45.49171076152844,1.3198394089645435,-2.9999999999999694,0.7468074312743489,0.0,56.440694283831945,0.0
 2.5502828837576406,6.417150381147307,3.4650377938102315,45.90142991253276,1.298061550477692,-2.9999999999999387,0.7838688423625854,0.0,58.26605875686236,0.0
 2.557550286672868,6.4236101754119765,3.471803460117474,46.3248728378012,1.2762593417320096,-2.9999999999999694,0.8237884710164259,0.0,60.206889466151466,0.0
 2.564825334309705,6.429916091146059,3.4785098663319056,46.76288082673324,1.2544341988214982,-3.0000000000000306,0.8668401659861543,0.0,62.27206821839643,0.0
 2.5721075457142737,6.436066880734069,3.485155920270028,47.21635919209932,1.2325875646077922,-3.000000000000061,0.9133290116114845,0.0,64.47130344290557,0.0
 2.57939643219436,6.4420612965605235,3.491740529748342,47.68628320411784,1.2107209051675336,-3.0,0.9635953794622739,0.0,66.81521450979248,0.0
 2.586691498852376,6.447898091009932,3.4982626025833485,48.17370464773642,1.1888357051934857,-2.9999999999999694,1.018019553802177,0.0,69.3154244134485,0.0
 2.5939922465398695,6.453576016466814,3.504721046591548,48.67975907223054,1.1669334621310048,-3.00000000000003,1.0770270169215213,0.0,71.9846614293552,0.0
 2.601298174321132,6.459093825315679,3.511114769589443,49.20567380999205,1.145015678787217,-3.0,1.1410944882793832,0.0,74.83687002305457,0.0
 2.608608782551462,6.464450269941046,3.517442679393533,49.75277684791473,1.1230838540962274,-2.999999999999939,1.210756829210999,0.0,77.8873313894205,0.0
 2.6159235766973903,6.469644102727426,3.5237036838203197,50.32250664360404,1.101139471658443,-2.99999999999997,1.286614932594408,0.0,81.15279338327082,0.0
 2.6232420720527116,6.474674076059334,3.529896690686305,50.91642298505084,1.0791839855924794,-2.999999999999939,1.3693447366012836,0.0,84.65160944387198,0.0
 2.6305637995364712,6.479538942321286,3.536020607807988,51.536219000460534,1.0572188031412,-3.000000000000091,1.4597075108562176,0.0,88.40388525919488,0.0
 2.6378883127985615,6.484237453897794,3.5420743430018713,52.183734430461804,1.0352452633549292,-3.0,1.5585615768799286,0.0,92.43163100616059,0.0
 2.6452151969069457,6.488768363173375,3.548056804084456,52.86097027879288,1.0132646110297765,-3.0,1.6668756340143516,0.0,96.75891574671218,0.0
 2.652544078949929,6.493130422532542,3.553966898872242,53.5701049589075,0.9912779649008272,-2.999999999999909,1.7857438617991932,0.0,101.41201851532921,0.0
 2.6598746409600174,6.497322384359809,3.5598035351817305,54.313512049202345,0.9692862788705623,-3.0,1.916402962474541,0.0,106.41956813586776,0.0
 2.6672066356561817,6.501343001039692,3.565565620829423,55.09377975834262,0.9472902947820697,-2.9999999999999547,2.060251280530184,0.0,111.81266011673817,0.0
 2.674539905613146,6.505191024956703,3.5712520636318215,55.91373217958497,0.9252904849111772,-2.9999999999999245,2.2188700823415384,0.0,117.6249340386158,0.0
 2.681874406605237,6.508865208495359,3.5768617714054254,56.77645237498584,0.9032869819349041,-2.99999999999997,2.39404698824088,0.0,123.89258823681251,0.0
 2.6892102360455326,6.512364304040172,3.5823936519667363,57.685307271207854,0.8812794936140175,-3.0000000000000453,2.5878013933487582,0.0,130.65429939609683,0.0
 2.6965476676578484,6.5156870639756574,3.587846613132256,58.643974257881744,0.8592671987770705,-2.9999999999999396,2.8024114801145483,0.0,137.95100288733263,0.0
 2.7038871937916658,6.51883224068633,3.593219562718484,59.656469248759635,0.8372486203756186,-2.9999999999999547,3.0404420627357975,0.0,145.8254736615634,0.0
 2.7112295771343833,6.521798586556703,3.5985114085419228,60.727175777516194,0.8152214703474661,-3.0,3.3047719730084966,0.0,154.32162684132857,0.0
 2.7185759140125243,6.524584853971293,3.603721058419073,61.86087443587536,0.7931824597130432,-2.99999999999997,3.598618932688427,0.0,163.4834307345869,0.0
 2.7259277120322745,6.527189795314611,3.608847420166435,63.06277159821187,0.7711270656537929,-2.999999999999985,3.9255587673604717,0.0,173.35329130822444,0.0
 2.733286985528883,6.5296121629711745,3.6138894016005105,64.33852588048636,0.7490492451639668,-3.0000000000000453,4.2895343162377815,0.0,183.96972642398444,0.0
 2.7406563732276794,6.5318507093254965,3.6188459105378006,65.69427011934619,0.7269410820675773,-3.0000000000000453,4.69484734712185,0.0,195.36409962778274,0.0
 2.7480392837425205,6.533904186762093,3.623715854794806,67.1366257847106,0.7047923505230546,-2.99999999999994,5.146124100836416,0.0,207.55612977405164,0.0
 2.7554400761588136,6.535771347665475,3.6284981421880276,68.67270561589756,0.6825899732741756,-2.999999999999955,5.64824166539039,0.0,220.54783877913408,0.0
 2.7628642851272693,6.537450944420159,3.633191680533967,70.31009885853514,0.6603173463688077,-3.0000000000000897,6.206198244873346,0.0,234.31555635395713,0.0
 2.7703189028706316,6.53894172941066,3.637795377649125,72.05683176247716,0.6379534931387213,-2.9999999999999254,6.8249057315925565,0.0,248.79958570387106,0.0
 2.777812734648478,6.540242455021491,3.642308141350002,73.92129400413982,0.6154719978051822,-3.0,7.508878414035098,0.0,263.8911791756023,0.0
 2.785356850121077,6.5413518736371685,3.6467288794531,75.91211953204083,0.5928396513873855,-3.000000000000044,8.26178833681702,0.0,279.4166226900357,0.0
 2.792965161659787,6.542268737642204,3.6510564997749198,78.03800824656088,0.5700147167712551,-2.999999999999956,9.08585789035031,0.0,295.11854394634423,0.0
 2.800655173580721,6.542991799421114,3.655289910131962,80.30747336759688,0.5469446810084538,-3.0,9.981067023694942,0.0,310.63511414205914,0.0
 2.808448966330653,6.543519811358411,3.659428018340728,82.72849906807166,0.5235633027586564,-3.000000000000071,10.944170677408538,0.0,325.76192221922184,0.0
 2.8163676204342916,6.543851525838612,3.6634697322177194,85.30809505026205,0.5006772648501876,-2.890142391489624,11.967557219127407,0.0,340.77738272305294,0.0
 2.8244187580904914,6.543985695246229,3.6674139595794357,88.05174066868484,0.47968324256364253,-2.607584565440706,13.038035550141048,0.0,355.85689445135137,0.0
 2.8325989618386846,6.543921071965777,3.671259608242379,90.9627225704962,0.4606824784427258,-2.32277394375578,14.135717765004523,0.0,370.7446432483362,0.0
 2.840902966922502,6.543656408381771,3.675005586023051,94.0413879728284,0.44377644403478045,-2.035889216986593,15.233256785874277,0.0,385.12895654091125,0.0
 2.8493234526146263,6.543190456878725,3.6786508007379513,97.28436084100393,0.42906496544659767,-1.7471057045963871,16.295779737697444,0.0,398.6468656436069,0.0
 2.8578508931938527,6.542521969841155,3.682194160203582,100.68379829987462,0.41664394100426083,-1.456594663655068,17.28188511156666,0.0,410.89612725038734,0.0
 2.8664735000446253,6.541649699653573,3.685634572236443,104.22679406165977,0.4066027211708007,-1.164522517057629,18.145991081964752,0.0,421.4558636368887,0.0
 2.8751772846109582,6.540572398700494,3.688970944653037,107.89505510297303,0.3990212885957542,-0.8710501181718383,18.842092049418046,0.0,429.915538848468,0.0
 2.8839462638119198,6.5392888193664325,3.692202185269863,111.66497552130542,0.39396744360710617,-0.5763321901931142,19.328608338850376,0.0,435.90991315081703,0.0
 2.892762814589692,6.537797714035903,3.695327201903424,115.50819740513387,0.3914942501589863,-0.2805171217700162,19.573589623106084,0.0,439.1553898454928,0.0
 2.9016081641560976,6.53609783509342,3.6983449023702195,119.39268034228837,0.39163801167273904,0.016252779234268995,19.55922221072572,0.0,439.48158882181053,0.0
 2.910462981099158,6.534187934923497,3.7012541944867516,123.28420936115079,0.3944170124574056,0.31384056864603704,19.28457074589883,0.0,436.85188310312134,0.0
 2.919308015044941,6.532066765910651,3.704053986069521,127.14817909647715,0.39983117828117587,0.6121136286143354,18.765837061584193,0.0,431.36842125272693,0.0
 2.9281247238852,6.529733080439392,3.7067431849350285,130.95142886954477,0.4078626936773853,0.9109425684486167,18.034050788081167,0.0,423.26045704631787,0.0
 2.936895830216347,6.527185630894238,3.709320698899776,134.66389134406785,0.41847748933405454,1.2102003163472421,17.130776609316413,0.0,412.8585294486993,0.0
 2.945605761747501,6.524423169659704,3.711785435780263,138.25986086761895,0.43162740969213453,1.5097616222406312,16.10286762636157,0.0,400.55987755250385,0.0
 2.954240950181927,6.521444449120302,3.714136303392992,141.71877088955534,0.4472528091003844,1.8095030035426087,14.997369817657628,0.0,386.79156962715814,0.0
 2.9627899842153793,6.518248221660546,3.7163722095544633,145.0254651821504,0.46528531293365466,2.1093030818112286,13.857425960474101,0.0,371.9770973787707,0.0
 2.971243630128229,6.51483323966495,3.718492062081178,148.17002785108016,0.4856505106574868,2.4090431434887396,12.71960296461517,0.0,356.51024951811814,0.0
 2.979594745177384,6.511198255518033,3.7204947687896373,151.14728596100886,0.5082704057230363,2.7086077646407936,11.612657247226174,0.0,340.7170286623399,0.0
 2.987838616699765,6.507342021604305,3.7223792374963423,153.95611337078864,0.5330020202901802,3.0000000000000537,10.55747543431563,0.0,324.1883290131347,0.0
 2.9959898640498954,6.503263290308282,3.7241443760177932,156.59865262860015,0.5574557623405711,2.999999999999973,9.567810606313643,0.0,306.7831135566576,0.0
 3.0040766604181743,6.498960814014477,3.725789092170493,159.07954519715943,0.5817161514454077,2.9999999999999725,8.651443311173127,0.0,277.38600821041456,0.0
 3.012460949101815,6.494433345107405,3.7273122937709404,161.40522956679823,0.5577559106370528,-2.8577547496791658,7.811475205302615,0.0,239.13561391149744,0.0
 3.021569210155074,6.489679635971583,3.728712888635638,163.5833391654356,0.530431127477275,-2.9999999999999636,7.047562049575649,0.0,204.37951436890748,0.0
 3.031545120142488,6.484698438991521,3.7299897845810865,165.62221080405112,0.5005033975150334,-3.0000000000000555,6.3569812611435195,0.0,173.0849932293339,0.0
 3.04257027867297,6.4794885065517365,3.7311418894237867,167.53050029365198,0.4674279219235872,-2.99999999999998,5.7354945896396545,0.0,144.86760227608372,0.0
 3.054901493704643,6.474048591036742,3.7321681109802394,169.31689384844123,0.43043427682856794,-3.000000000000018,5.178007761663509,0.0,119.28288946183145,0.0
 3.0689270302189287,6.468377444831054,3.7330673570669464,170.98990037011765,0.38835766728571114,-2.999999999999996,4.6790508085575,0.0,95.80208992783999,0.0
 3.0852921092214056,6.462473820319186,3.7338385355004085,172.55770914038914,0.33926243027827985,-3.0000000000000235,4.233111308898701,0.0,73.70958085270328,0.0
 3.105240525951719,6.456336469885651,3.7344805540971264,174.0280985762556,0.2794171800873398,-3.0000000000000195,3.8348533113140952,0.0,51.67919658588932,0.0
 3.1319492434325515,6.449964145914964,3.7349923206736007,175.40838363750453,0.1992910276448412,-3.0000000000000187,3.4792511550895298,0.0,19.524331221800388,0.0
 3.198379585980832,6.443355600791641,3.7353727430463337,176.7053916485948,0,-3.0,3.4792511550895298,0.0,0.0,0.0