 0.0,1.0,3.0,0.005949976341141606,0,3.0,0.01743067303064339,0.0,0.0,0.0
 0.08933140883803253,1.0119701508429377,3.0000012430603995,0.005949976341141606,0.26799422651409766,3.0000000000000004,0.01743067303064339,0.0,0.3236482727672921,0.0
 0.1261769214456476,1.0238809226140724,3.000004958946835,0.017874962855821706,0.3785307643369429,3.000000000000001,0.017549571629753184,0.0,0.42415289947312157,0.0
 0.15434333249059756,1.0357327941768866,3.0000111277171597,0.029821827768288987,0.46302999747179274,2.999999999999999,0.017667278316884864,0.0,0.5058776004596502,0.0
 0.17800046775466108,1.047526244394862,3.00001972942923,0.04178944258942281,0.5340014032639833,2.9999999999999987,0.017783718233658357,0.0,0.5772703541504458,0.0
 0.19876579633164462,1.0592617521314818,3.000030744140899,0.053776651171108476,0.5962973889949339,3.0,0.017898818376579924,0.0,0.6418666968630128,0.0
 0.21747002016005273,1.0709397962502272,3.000044151910022,0.06578226953723525,0.6524100604801583,3.0000000000000013,0.018012500888359238,0.0,0.7015587933652865,0.0
 0.23460730960741083,1.0825608556145814,3.000059932794453,0.07780508564347545,0.7038219288222326,3.000000000000003,0.018124689278200865,0.0,0.7574989112599142,0.0
 0.2505001028250422,1.094125409088026,3.0000780668520473,0.08984385920271017,0.7515003084751266,2.999999999999993,0.018235303561721424,0.0,0.8104482511535133,0.0
 0.2653726900279661,1.1056339355340437,3.0000985341406587,0.10189732149144795,0.7961180700838982,2.9999999999999964,0.01834426364901891,0.0,0.8609387631695194,0.0
 0.2793886156794912,1.1170869138161166,3.000121314718142,0.1139641751865479,0.8381658470384735,3.0,0.018451488371724317,0.0,0.9093577739683196,0.0
 0.2926715273911747,1.1284848227977273,3.000146388642352,0.12604309421250215,0.8780145821735239,2.9999999999999916,0.018556893950820993,0.0,0.9559962033184354,0.0
 0.30531763343367446,1.1398281413423574,3.0001737359711433,0.13813272357589423,0.9159529003010232,2.9999999999999956,0.01866039546297123,0.0,1.0010778792600121,0.0
 0.31740356194877595,1.15111734831349,3.00020333676237,0.15023167926268013,0.9522106858463277,3.0000000000000093,0.018761908386013576,0.0,1.0447782831489034,0.0
 0.3289915409921165,1.1623529225746068,3.0002351710738866,0.16233854811274698,0.9869746229763494,2.999999999999995,0.018861343436736587,0.0,1.0872370448789552,0.0
 0.34013293804530603,1.1735353429891902,3.0002692189635485,0.17445188772067985,1.020398814135918,3.0,0.01895861272598292,0.0,1.1285665568843843,0.0
 0.3508707527970794,1.1846650884207228,3.0003054604892094,0.18657022634355108,1.052612258391238,3.0,0.01905362720846052,0.0,1.1688580891606999,0.0
 0.36124141851247066,1.1957426377326865,3.000343875708724,0.19869206285496768,1.0837242555374118,3.0,0.019146296139158032,0.0,1.2081862298520483,0.0
 0.37127613296546036,1.2067684697885637,3.000384444679947,0.21081586667756716,1.1138283988963809,2.9999999999999947,0.019236526499667568,0.0,1.24661218858377,0.0
 0.38100186098157657,1.2177430634518367,3.000427147460733,0.22294007776530828,1.1430055829447294,2.9999999999999942,0.019324225127831517,0.0,1.2841862903253012,0.0
 0.39044210255757633,1.228666897585988,3.000471964108937,0.23506310657456608,1.1713263076727287,3.0,0.019409298760131307,0.0,1.3209498984639405,0.0
 0.39961749030205623,1.2395404510544996,3.0005188746824123,0.24718333408400409,1.1988524709061685,3.000000000000012,0.019491650173418057,0.0,1.356936911585735,0.0
 0.4085462604098736,1.2503642027208537,3.0005678592390144,0.2592991118183648,1.2256387812296206,3.0,0.01957118536256972,0.0,1.392174947870884,0.0
 0.41724462844919674,1.2611386314485327,3.0006188978365977,0.2714087618900713,1.2517338853475901,3.000000000000006,0.019647805789619336,0.0,1.426686293573055,0.0
 0.4257270924855421,1.271864216101019,3.0006719705330167,0.28351057706645155,1.277181277456626,2.999999999999987,0.01972141280428638,0.0,1.4604886710775062,0.0
 0.43400668002431936,1.2825414355417948,3.0007270573861264,0.29560282086803025,1.302020040072958,3.00000000000002,0.01979190943001451,0.0,1.4935958619554055,0.0
 0.4420951510077639,1.2931707686343425,3.0007841384537803,0.3076837276584494,1.3262854530232917,3.0,0.0198591940571591,0.0,1.526018230476119,0.0
 0.4500031660708261,1.303752694242144,3.0008431937938336,0.319751502811562,1.3500094982124782,3.0,0.019923167360050033,0.0,1.5577631462615251,0.0
 0.4577404270643351,1.314287691228682,3.0009042034641413,0.33180432284025724,1.3732212811930053,3.000000000000014,0.019983728282250365,0.0,1.5888353482579665,0.0
 0.46531579524098404,1.3247762384574386,3.0009671475225566,0.34384033557538557,1.395947385722952,2.9999999999999853,0.020040775811164174,0.0,1.6192372561233896,0.0
 0.47273739130069337,1.3352188147918962,3.0010320060269358,0.3558576604151654,1.4182121739020799,2.9999999999999774,0.020094206590969527,0.0,1.6489692153263287,0.0
 0.48001268059030155,1.345615899095537,3.001098759035132,0.3678543884863227,1.4400380417709047,3.0000000000000306,0.02014392101948264,0.0,1.6780297391346106,0.0
 0.4871485460673843,1.355967970231843,3.001167386605,0.3798285829713315,1.4614456382021528,2.999999999999992,0.02018981414822673,0.0,1.7064156859688548,0.0
 0.49415135111221203,1.3662755070642971,3.0012378687943952,0.39177827934560744,1.482454053336636,2.999999999999984,0.020231783637666947,0.0,1.7341224360181444,0.0
 0.5010269938646741,1.376538988456381,3.001310185661172,0.4037014857046974,1.503080981594022,2.999999999999992,0.020269727402106856,0.0,1.7611440351250325,0.0
 0.5077809544449767,1.3867588932715773,3.001384317263184,0.415596183094167,1.52334286333493,3.0,0.02030354238492836,0.0,1.7874733285255449,0.0
 0.5144183361665472,1.3969357003733682,3.0014602436582867,0.4274603258927172,1.5432550084996413,2.999999999999983,0.020333125856123922,0.0,1.8131020696519327,0.0
 0.5209439016510001,1.407069888625236,3.001537944904334,0.43929184217822803,1.5628317049530003,3.000000000000034,0.020358374160616494,0.0,1.8380210321578516,0.0
 0.5273621045964065,1.417161936890663,3.0016174010591805,0.45108863418054246,1.5820863137892194,2.9999999999999827,0.0203791867109943,0.0,1.8622200946091225,0.0
 0.5336771178225785,1.4272123240331311,3.0016985921806816,0.46284857870804236,1.6010313534677354,3.0,0.020395459467591172,0.0,1.8856883298325247,0.0
 0.5398928581139177,1.4372215289161232,3.001781498326691,0.47456952763669047,1.6196785743417528,2.9999999999999645,0.02040709433030248,0.0,1.90841408287827,0.0
 0.5460130082964095,1.4471900304031213,3.001866099555063,0.4862493084342878,1.6380390248892283,3.000000000000018,0.020413986416323224,0.0,1.9303850373008464,0.0
 0.5520410369166515,1.457118307357608,3.001952375923653,0.49788572468722425,1.656123110749954,2.999999999999982,0.020416039062194292,0.0,1.9515882842519676,0.0
 0.557980215834279,1.4670068386430648,3.0020403074903155,0.5094765566809424,1.6739406475028367,3.0,0.02041315092482575,0.0,1.9720103790070582,0.0
 0.5638336359924355,1.4768561031229748,3.002129874312904,0.5210195619855161,1.6915009079773062,3.000000000000019,0.020405224318460355,0.0,1.991637408950142,0.0
 0.5696042215921132,1.4866665796608198,3.002221056449274,0.5325124761373832,1.7088126647763395,3.0000000000000386,0.0203921625753198,0.0,2.0104550287142215,0.0
 0.575294742863816,1.4964387471200822,3.00231383395728,0.5439530132440833,1.7258842285914477,2.9999999999999805,0.020373869404580917,0.0,2.028448530467286,0.0
 0.5809078276028474,1.5061730843642442,3.002408186894777,0.55533886673436,1.742723482808542,3.0,0.02035024968536618,0.0,2.0456028765734255,0.0
 0.586445971611697,1.5158700702567884,3.002504095319618,0.5666677100497405,1.759337914835091,3.00000000000004,0.020321211070786938,0.0,2.0619027606257,0.0
 0.5919115481737038,1.5255301836611967,3.0026015392896594,0.5779371974513535,1.7757346445211113,2.9999999999999596,0.02028666113620493,0.0,2.0773326330645707,0.0
 0.5973068166658237,1.535153903440952,3.002700498862754,0.5891449647541793,1.7919204499974708,2.9999999999999587,0.020246511254043826,0.0,2.091876767640561,0.0
 0.602633930404402,1.5447417084595356,3.0028009540967577,0.6002886302224901,1.8079017912132056,2.999999999999979,0.020200672157777773,0.0,2.105519279726261,0.0
 0.6078949438059791,1.5542940775804306,3.0029028850495245,0.6113657953704088,1.8236848314179366,2.9999999999999787,0.02014905946382395,0.0,2.1182441835737658,0.0
 0.6130918189349613,1.563811489667119,3.0030062717789088,0.6223740458851347,1.8392754568048835,3.0000000000000213,0.020091588372341252,0.0,2.130035425447857,0.0
 0.618226431501257,1.573294423583083,3.0031110943427657,0.6333109525472941,1.8546792945037702,2.999999999999957,0.02002817853313505,0.0,2.1408769191840875,0.0
 0.6233005763634204,1.5827433581918047,3.003217332798949,0.6441740721672963,1.8699017290902602,2.999999999999956,0.019958749381637064,0.0,2.150752593023762,0.0
 0.6283159725863411,1.5921587723567672,3.0033249672053137,0.6549609485987845,1.8849479177590223,3.0,0.01988322598954512,0.0,2.1596464187524123,0.0
 0.6332742680968508,1.6015411449414516,3.0034339776197148,0.6656691137411731,1.8998228042905514,2.999999999999978,0.019801535191803547,0.0,2.167542449191286,0.0
 0.6381770439757232,1.6108909548093413,3.0035443441000056,0.6762960885774999,1.9145311319271685,3.0000000000000226,0.019713603957136422,0.0,2.174424864747922,0.0
 0.6430258184202434,1.6202086808239178,3.003656046704042,0.6868393842932191,1.9290774552607293,3.0,0.019619365511930185,0.0,2.180277991992732,0.0
 0.647822050407802,1.6294948018486637,3.003769065489678,0.6972965033401848,1.9434661512234053,3.000000000000023,0.01951875710082897,0.0,2.1850863548229564,0.0
 0.6525671430876772,1.6387497967470614,3.0038833805147678,0.7076649406073501,1.9577014292630306,3.0,0.019411714812061148,0.0,2.1888347017772767,0.0
 0.6572624469253037,1.647974144382593,3.003998971837166,0.717942184582535,1.9717873407759101,3.0,0.019298182630836477,0.0,2.1915080442948054,0.0
 0.6619092626207955,1.657168323618741,3.004115819514728,0.7281257185595608,1.9857277878623858,3.000000000000024,0.01917810552512755,0.0,2.193091682881753,0.0
 0.6665088438212557,1.6663328133189872,3.0042339036053076,0.7382130218350293,1.9995265314637667,3.0000000000000484,0.01905143325198584,0.0,2.193571257866226,0.0
 0.6710623996444407,1.6754680923468142,3.0043532041667596,0.7482015710098573,2.0131871989333217,3.0000000000000244,0.018918117770952453,0.0,2.1929327641105067,0.0
 0.6755710970296006,1.6845746395657044,3.0044737012569382,0.7580888412292338,2.026713291088801,2.9999999999999263,0.018778119232641565,0.0,2.191162598933817,0.0
 0.6800360629297688,1.69365293383914,3.0045953749336984,0.7678723075151973,2.0401081887893056,2.999999999999975,0.018631397580747423,0.0,2.188247587220735,0.0
 0.6844583863584012,1.702703454030603,3.004718205254895,0.7775494460878117,2.0533751590752027,3.0000000000000253,0.018477917505318093,0.0,2.1841750166553298,0.0
 0.6888391203020389,1.7117266790035761,3.004842172278382,0.7871177357221192,2.066517360906116,3.0,0.01831765184710287,0.0,2.178932671275241,0.0
 0.6931792835095769,1.7207230876215414,3.0049672560620135,0.7965746591336905,2.07953785052873,2.9999999999999742,0.018150573766267775,0.0,2.172508862133726,0.0
 0.6974798621677474,1.7296931587479811,3.005093436663645,0.8059177043808691,2.092439586503241,2.9999999999998965,0.01797666306714435,0.0,2.1648924580313276,0.0
 0.7017418114715486,1.7386373712463776,3.005220694141131,0.8151443662851802,2.105225434414644,2.999999999999948,0.017795903382461103,0.0,2.1560729143922206,0.0
 0.7059660570975733,1.747556203980213,3.0053490085523253,0.8242521478631919,2.1178981712927185,3.000000000000026,0.017608283484658184,0.0,2.1460403116350766,0.0
 0.7101534965874831,1.7564501358129698,3.0054783599550827,0.8332385618110708,2.1304604897624477,3.0,0.017413798742490952,0.0,2.1347853776886634,0.0
 0.7143050006482435,1.7653196456081304,3.005608728407258,0.8421011319753974,2.142915001944729,3.0,0.01721244810406002,0.0,2.122299517082666,0.0
 0.7184214143751694,1.774165212229177,3.0057400939667067,0.8508373948401645,2.1552642431255067,3.0,0.017004234251917175,0.0,2.108574838521686,0.0
 0.7225035584033104,1.7829873145395914,3.005872436691281,0.8594449010251243,2.16751067520993,3.000000000000027,0.01678916860121721,0.0,2.0936042010879325,0.0
 0.7265522299922499,1.7917864314028562,3.006005736638838,0.8679212168725533,2.179656689976748,2.9999999999999725,0.016567265822164893,0.0,2.077381201002173,0.0
 0.7305682040489642,1.800563041682454,3.0061399738672305,0.876263925881684,2.191704612146891,3.0,0.016338546463993738,0.0,2.059900245979807,0.0
 0.7345522340930133,1.8093176242418667,3.006275128434314,0.8844706303494118,2.2036567022790385,3.000000000000028,0.016103036053942824,0.0,2.0411565412170565,0.0
 0.7385050531679913,1.8180506579445768,3.006411180397942,0.8925389528605507,2.2155151595039726,3.0,0.015860768018784294,0.0,2.021146139796776,0.0
 0.7424273747028463,1.8267626216540664,3.0065481098159696,0.9004665378897645,2.227282124108537,2.9999999999998868,0.015611777565089264,0.0,1.9998659485081425,0.0
 0.7463198933264007,1.8354539942338182,3.006685896746252,0.9082510533389448,2.2389596799792004,3.0000000000000284,0.015356107103930984,0.0,1.9773137604290065,0.0
 0.7501832856381428,1.844125254547314,3.006824521246643,0.9158901921188882,2.250549856914427,3.0,0.015093809632717052,0.0,1.953488274003715,0.0
 0.7540182109381222,1.8527768814580359,3.0069639633749974,0.923381673724078,2.262054632814365,3.000000000000029,0.014824935219204789,0.0,1.9283891132716713,0.0
 0.7578253119185694,1.8614093538294667,3.00710420318917,0.9307232458078983,2.2734759357557066,3.0,0.014549548112350711,0.0,1.9020168404960835,0.0
 0.7616052153196626,1.8700231505250884,3.0072452207470146,0.9379126857322261,2.2848156459589863,3.0,0.01426771297390905,0.0,1.8743729877635356,0.0
 0.7653585325516846,1.8786187504083836,3.0073869961063866,0.9449478021664356,2.296075597655052,2.9999999999999702,0.013979503948653674,0.0,1.8454600563267018,0.0
 0.769085860285648,1.887196632342834,3.00752950932514,0.9518264366163036,2.3072575808569424,3.0000000000000595,0.013684995909993444,0.0,1.815281544733875,0.0
 0.7727877810143189,1.8957572751919225,3.007672740461129,0.9585464649951277,2.318363343042955,2.99999999999997,0.013384275739598994,0.0,1.7838419620435007,0.0
 0.7764648635854263,1.904301157819131,3.0078166695722097,0.9651057991833679,2.3293945907562774,3.0,0.013077433419787461,0.0,1.751146822056657,0.0
 0.7801176637087232,1.912828759087942,3.007961276716235,0.9715023885108873,2.340352991126168,3.00000000000003,0.01276456380399007,0.0,1.7172026848774617,0.0
 0.7837467244384426,1.9213405578618377,3.0081065419510606,0.977734221339545,2.3512401733153268,3.000000000000092,0.012445772340838792,0.0,1.6820171351117037,0.0
 0.7873525766325928,1.9298370330043002,3.00825244533454,0.9837993265167858,2.3620577298977774,3.0,0.01212116132643943,0.0,1.645598814162023,0.0
 0.7909357393904268,1.938318663378812,3.0083989669245286,0.989695774902027,2.372807218171279,2.999999999999938,0.011790848201272564,0.0,1.6079574063678226,0.0
 0.7944967204693396,1.9467859278488557,3.0085460867788805,0.9954216808018004,2.3834901614080177,3.000000000000062,0.011454949638103609,0.0,1.569103659208805,0.0
 0.7980360166823575,1.955239305277913,3.0086937849554505,1.0009752034406707,2.3941080500470715,3.0000000000000626,0.011113591217383601,0.0,1.5290493751188192,0.0
 0.8015541142773089,1.9636792745294662,3.008842041512093,1.0063545483698382,2.404662342831926,3.0000000000000315,0.010766904220379134,0.0,1.4878074202315232,0.0
 0.8050514892986914,1.972106314466998,3.0089908365066624,1.0115579688779834,2.4151544678960732,2.9999999999999365,0.010415023916665484,0.0,1.4453917176257192,0.0
 0.8085286079331867,1.9805209039539902,3.009140149997014,1.016583767353485,2.425585823799559,3.0,0.010058092085428141,0.0,1.4018172466915848,0.0
 0.8119859268397139,1.9889235218539256,3.009289962041001,1.0214302966239677,2.435957780519141,3.0000000000000644,0.009696255341543057,0.0,1.3571000468644456,0.0
 0.8154238934648509,1.9973146470302863,3.0094402526964794,1.0260959612920595,2.4462716803945517,2.9999999999999356,0.009329665555259641,0.0,1.3112571914729596,0.0
 0.8188429463444064,2.005694758346554,3.0095910020213026,1.0305792189684029,2.456528839033218,3.0,0.008958475125195578,0.0,1.2643068100586161,0.0
 0.8222435153918729,2.014064334666212,3.009742190073326,1.0348785815731893,2.4667305461756177,3.0,0.008582853005872824,0.0,1.21626804541218,0.0
 0.8256260221744454,2.022423854852742,3.009893796910404,1.0389926164862222,2.476878066523335,2.999999999999967,0.008202964964494939,0.0,1.1671610723475212,0.0
 0.8289908801772512,2.0307737977696263,3.0100458025903905,1.0429199477610742,2.4869726405317527,3.000000000000066,0.007818972038502006,0.0,1.1170070644740624,0.0
 0.8323384950563947,2.0391146422803472,3.0101981871711407,1.046659257230216,2.4970154851691833,3.0000000000000333,0.007431060717328184,0.0,1.0658281872714688,0.0
 0.8356692648813857,2.0474468672483868,3.010350930710509,1.0502092855950047,2.507007794644156,2.9999999999999,0.007039408752000826,0.0,1.0136475844983208,0.0
 0.8389835803674859,2.055770951537228,3.0105040132663503,1.0535688334817555,2.5169507411024568,3.000000000000067,0.006644199786895421,0.0,0.9604893481585098,0.0
 0.8422818250984746,2.0640873740103522,3.010657414896518,1.05673676241349,2.526845475295423,2.9999999999999662,0.006245616812363729,0.0,0.9063785195110545,0.0
 0.8455643757403111,2.0723966135312426,3.0108111156588677,1.0597119958044579,2.536693127220932,2.9999999999999662,0.005843861842652778,0.0,0.8513410429099463,0.0
 0.8488316022461346,2.0806991489633813,3.0109650956112537,1.0624935198253487,2.546494806738403,3.0,0.00543911780254714,0.0,0.795403759891554,0.0
 0.8520838680530262,2.08899545917025,3.011119334811531,1.065080384276317,2.5562516041590775,3.000000000000034,0.0050315880563554785,0.0,0.738594376964803,0.0
 0.855321530270927,2.0972860230153314,3.0112738133175534,1.06747170338497,2.56596459081278,3.0,0.004621478470851286,0.0,0.6809414421703008,0.0
 0.8585449398640876,2.1055713193621073,3.0114285111871752,1.0696666565620423,2.575634819592262,3.0000000000000346,0.00420899197291959,0.0,0.622474320760955,0.0
 0.8617544418254018,2.113851827074061,3.011583408478252,1.0716644891153924,2.585263325476205,3.000000000000104,0.003794332435550508,0.0,0.5632231489919521,0.0
 0.864950375343956,2.122128025014674,3.0117384852486375,1.0734645128556815,2.5948511260318674,2.9999999999999654,0.0033777188082255378,0.0,0.5032188295106023,0.0
 0.8681330739661145,2.130400392047428,3.011893721556187,1.075066106731009,2.6043992218983427,2.999999999999965,0.0029593451780007564,0.0,0.44249297285799155,0.0
 0.8713028657504333,2.1386694070358065,3.012049097458754,1.076468717320993,2.613908597251299,3.0,0.002539445985692413,0.0,0.3810778877469923,0.0
 0.8744600734166874,2.1469355488432917,3.0122045930141943,1.0776718593496277,2.6233802202500613,2.999999999999965,0.0021182192729262213,0.0,0.31900652423080994,0.0
 0.8776050144892777,2.1551992963333655,3.0123601882803617,1.0786751160701056,2.6328150434678323,3.0,0.0016959104407395856,0.0,0.2563124560408468,0.0
 0.8807380014352703,2.1634611283695095,3.012515863315111,1.0794781396489768,2.64221400430581,3.0000000000000355,0.0012726964867632927,0.0,0.19302983096934798,0.0
 0.8838593417973076,2.171721523815207,3.0126715981762966,1.0800806514514587,2.6515780253919226,3.000000000000142,0.0008488322404682345,0.0,0.1291933408756859,0.0
 0.8869693383216181,2.17998096153394,3.0128273729217727,1.080482442292546,2.660908014964854,3.0,0.0004245149220033598,0.0,0.06467420277454294,0.0
 0.8900761463329157,2.1882399203891905,3.012983167609395,1.0806833726238503,2.6567222526279894,-1.347287093905806,-0.000007017320001989271,0.0,-1.976912256020088e-9,0.0
 0.8931908793437321,2.196498879244441,3.0131389622970164,1.0806833726176928,2.6473780535955402,-2.9999999999999645,-0.00042451492200334284,0.0,-0.06427822115013399,0.0
 0.8963168264926883,2.2047583169631744,3.013294737042493,1.0804824422955486,2.638000212148672,-2.999999999999929,-0.0008488322404682005,0.0,-0.12806232531711492,0.0
 0.8994542898034139,2.213018712408872,3.013450471903678,1.0800806514483798,2.628587822216495,-3.0000000000000355,-0.001272696486763243,0.0,-0.19131693495372212,0.0
 0.9026035760891532,2.2212805444450163,3.0136061469384274,1.0794781396489004,2.619139963359277,-3.000000000000035,-0.0016959104407395867,0.0,-0.254007163530658,0.0
 0.9057649970804225,2.2295442919350896,3.013761742204595,1.078675116070182,2.6096557003854692,-2.999999999999965,-0.002118219272926392,0.0,-0.31609862327654753,0.0
 0.9089388695575576,2.2378104337425744,3.013917237760035,1.077671859349704,2.600134082954064,-2.999999999999965,-0.0025394459856925154,0.0,-0.3775574867215742,0.0
 0.9121255154883754,2.2460794487309528,3.014072613662602,1.076468717320993,2.5905741451616104,-3.0000000000000346,-0.0029593451780006376,0.0,-0.438350509922991,0.0
 0.9153252621711871,2.2543518157637075,3.0142278499701516,1.0750661067309581,2.580974905113175,-3.0000000000000693,-0.0033777115592405196,0.0,-0.4984450813488565,0.0
 0.9185384423834186,2.2626280137043207,3.0143829267405375,1.073464512858684,2.5713353644764805,-3.0,-0.003794332435550507,0.0,-0.5578092457378468,0.0
 0.9217653945361001,2.270908521416274,3.014537824031614,1.0716644891123646,2.5616545080184365,-2.999999999999897,-0.0042089919729197565,0.0,-0.616411739371138,0.0
 0.9250064628345097,2.27919381776305,3.014692521901236,1.0696666565651212,2.5519313031232076,-3.0,-0.004621478470851284,0.0,-0.674222038978482,0.0
 0.9282619974452672,2.2874843816081314,3.0148470004072583,1.0674717033818912,2.5421646992909355,-2.9999999999999316,-0.005031592889009945,0.0,-0.7312103666457836,0.0
 0.9315323546701891,2.2957806918149997,3.0150012396075354,1.0650803842763934,2.5323536276161698,-2.999999999999932,-0.005439117802547356,0.0,-0.7873477469417431,0.0
 0.9348178971272453,2.3040832272471383,3.0151552195599214,1.0624935198253487,2.5224970002450013,-3.0,-0.005843861842652778,0.0,-0.8426060123472889,0.0
 0.9381189939389595,2.3123924667680287,3.015308920322271,1.0597119958044579,2.5125937098098587,-3.0,-0.006245616812363724,0.0,-0.8969578472449599,0.0
 0.9414360209286369,2.320708889241153,3.0154623219524392,1.0567367624165434,2.5026426288408268,-2.999999999999933,-0.006644199786895421,0.0,-0.9503768102021347,0.0
 0.9447693608248066,2.329032973529994,3.01561540450828,1.0535688334787021,2.4926426091523175,-3.0000000000000666,-0.007039408752000828,0.0,-1.0028373472213745,0.0
 0.948119403474301,2.3373651984980337,3.0157681480476484,1.0502092855950047,2.482592481203834,-3.0000000000000333,-0.007431060717327887,0.0,-1.054314829213886,0.0
 0.9514865460644195,2.345706043008755,3.0159205326283987,1.0466592572301652,2.4724910534334787,-2.9999999999999343,-0.007818972038502006,0.0,-1.1047855650549725,0.0
 0.9548711933546418,2.354055985925639,3.0160725383083853,1.042919947761125,2.462337111562812,-2.999999999999967,-0.008202964964495267,0.0,-1.1542268195972214,0.0
 0.9582737579184017,2.362415506112169,3.016224145145463,1.0389926164862222,2.452129417871532,-3.0000000000000977,-0.008582853005872824,0.0,-1.2026168359487284,0.0
 0.9616946603954466,2.370785082431827,3.0163753331974865,1.0348785815731893,2.4418667104403973,-3.0,-0.008958475125195401,0.0,-1.2499348498221368,0.0
 0.9651343297553526,2.379165193748095,3.0165260825223097,1.0305792189683776,2.4315477023606795,-2.999999999999903,-0.00932966555525927,0.0,-1.2961610954857214,0.0
 0.9685932035727995,2.3875563189244557,3.016676373177788,1.0260959612920086,2.4211710809083384,-3.0000000000000964,-0.009696255341542864,0.0,-1.341276838169065,0.0
 0.9720717283152456,2.395958936824391,3.0168261852217753,1.0214302966239677,2.410735506681,-3.000000000000064,-0.01005809208542814,0.0,-1.3852643549729877,0.0
 0.9755703596436878,2.4043735263113835,3.0169754987121267,1.016583767353485,2.4002396126956733,-3.0000000000000635,-0.010415023916665484,0.0,-1.4281069765469376,0.0
 0.9790895627272366,2.412800566248915,3.017124293706696,1.0115579688779834,2.389682003445027,-2.9999999999999685,-0.010766904220379134,0.0,-1.4697890645846425,0.0
 0.982629812572282,2.4212405355004685,3.0172725502633386,1.0063545483698382,2.379061253909891,-2.9999999999999374,-0.011113591217383601,0.0,-1.5102960369496905,0.0
 0.986191594367083,2.4296939129295256,3.0174202484399086,1.0009752034406707,2.368375908525488,-2.999999999999938,-0.011454949638103609,0.0,-1.5496143633488022,0.0
 0.9897754038426668,2.4381611773995693,3.0175673682942605,0.9954216808018004,2.3576244800987367,-3.0,-0.011790848201273029,0.0,-1.5877315652811987,0.0
 0.9933817476509846,2.4466428077740807,3.017713889884249,0.9896957749020778,2.3468054486737833,-3.0,-0.012121161326439665,0.0,-1.6246362221227415,0.0
 0.9970111437613417,2.4551392829165435,3.0178597932677285,0.9837993265167604,2.335917260342712,-3.0,-0.012445772340838311,0.0,-1.6603179615562151,0.0
 1.0006641218761818,2.4636510816904393,3.018005058502554,0.9777342213395196,2.324958325998192,-2.999999999999909,-0.012764563803989819,0.0,-1.694767467295082,0.0
 1.0043412238673939,2.4721786829592505,3.0181496656465794,0.9715023885108873,2.3139270200245554,-3.000000000000121,-0.01307743341978721,0.0,-1.7279764581883061,0.0
 1.0080430042343853,2.480722565586459,3.01829359475766,0.9651057991833425,2.3028216789235807,-3.00000000000012,-0.01338427739650955,0.0,-1.7599377011791706,0.0
 1.0117700305852582,2.4892832084355474,3.018436825893649,0.9585464649951532,2.2916405998709624,-2.9999999999999405,-0.013684995909993967,0.0,-1.7906449788883922,0.0
 1.0155228841425255,2.4978610903699976,3.0185793391124025,0.951826436616329,2.2803820391991603,-3.000000000000059,-0.013979503948653946,0.0,-1.820093110146122,0.0
 1.0193021602749104,2.5064566902532928,3.0187211144717745,0.9449478021664356,2.2690442108020052,-3.0000000000000586,-0.014267712973908773,0.0,-1.8482779083899725,0.0
 1.0231084690568852,2.5150704869489147,3.018862132029619,0.9379126857322007,2.257625284456081,-2.999999999999942,-0.014549548112350428,0.0,-1.8751961865457363,0.0
 1.0269424358577381,2.5237029593203455,3.0190023718437917,0.9307232458078983,2.2461233840535217,-3.000000000000116,-0.01482493521920422,0.0,-1.900845743279809,0.0
 1.03080470196209,2.532354586231068,3.019141813972146,0.9233816737240271,2.2345365857404658,-3.0000000000000573,-0.015093809632717052,0.0,-1.9252253342921108,0.0
 1.0346959252239336,2.541025846544563,3.019280438472537,0.9158901921189392,2.222862915954935,-3.0,-0.015356107103931574,0.0,-1.9483346725402597,0.0
 1.0386167807564353,2.549717219124315,3.0194182254028195,0.9082510533389448,2.21110034935743,-3.0,-0.01561177621644142,0.0,-1.9701743957876492,0.0
 1.042567961659912,2.5584291828338044,3.0195551548208472,0.90046653788979,2.199246806647,-3.0000000000000564,-0.015860768018784898,0.0,-1.9907460538432258,0.0
 1.0465501797906018,2.567162216536514,3.0196912067844752,0.8925389528605762,2.1873001522549305,-2.999999999999944,-0.016103036053942824,0.0,-2.0100520874834755,0.0
 1.0505641665730494,2.575916799095927,3.0198263613515586,0.8844706303493863,2.175258191907588,-2.9999999999999445,-0.016338546463993724,0.0,-2.028095808185298,0.0
 1.0546106738591718,2.5846934093755247,3.0199605985799516,0.8762639258846101,2.163118670049221,-2.999999999999945,-0.016567265822164893,0.0,-2.0448813703548248,0.0
 1.058690474837326,2.59349252623879,3.020093898527508,0.8679212168696272,2.1508792671147585,-2.9999999999999454,-0.016789168601216577,0.0,-2.0604137487443754,0.0
 1.0628043649949794,2.6023146285492045,3.020226241252083,0.859444901027974,2.1385375966417977,-3.000000000000162,-0.017004234251917494,0.0,-2.074698718047568,0.0
 1.0669531631389018,2.6111601951702506,3.020357606811531,0.8508373948373402,2.1260912022100307,-3.0,-0.017212448104060037,0.0,-2.0877428262450413,0.0
 1.0711377124771366,2.6200297049654115,3.0204879752637064,0.842101131975372,2.113537554195326,-3.0,-0.017413798742490307,0.0,-2.0995533594837434,0.0
 1.07535888176739,2.6289236367981683,3.0206173266664638,0.8332385618110708,2.1008740463245656,-3.0000000000000524,-0.017608283484658514,0.0,-2.11013832538122,0.0
 1.0796175665368968,2.6378424695320035,3.0207456410776583,0.8242521478632173,2.088097992016045,-3.000000000000052,-0.017795903382460437,0.0,-2.1195064215476656,0.0
 1.0839146903792785,2.6467866820304007,3.0208728985551443,0.8151443662851038,2.0752066204889,-3.0000000000000515,-0.017976663067143683,0.0,-2.1276670026505506,0.0
 1.0882512063344258,2.6557567531568402,3.0209990791567756,0.8059177043808691,2.0621970726234573,-3.0000000000001026,-0.018150573766268448,0.0,-2.13463005182887,0.0
 1.0926280983580101,2.6647531617748053,3.0211241629404073,0.7965746591337161,2.0490663965527047,-2.9999999999999494,-0.01831765184710321,0.0,-2.140406157127507,0.0
 1.0970463828878436,2.6737763867477784,3.0212481299638942,0.7871177357221192,2.0358115429632044,-2.99999999999995,-0.018477917505318093,0.0,-2.145006472934834,0.0
 1.101507110515027,2.6828269069392414,3.0213709602850907,0.7775494460878117,2.0224293600816545,-3.0,-0.018631397580747423,0.0,-2.1484426905129617,0.0
 1.1060113677685932,2.691905201212677,3.021492633961851,0.7678723075151973,2.008916588320956,-2.9999999999999014,-0.018778119232641565,0.0,-2.150727006598059,0.0
 1.1105602790232292,2.701011748431567,3.0216131310520296,0.7580888412292338,1.9952698545570482,-3.0,-0.018918117770952803,0.0,-2.151872092127784,0.0
 1.1151550085406328,2.710147027459394,3.0217324316134815,0.7482015710098573,1.9814856660048372,-3.0000000000000484,-0.019051433251985498,0.0,-2.151891058051068,0.0
 1.11979676265615,2.7193115171596407,3.021850515704061,0.7382130218350039,1.967560403658285,-3.0000000000000955,-0.019178104589774456,0.0,-2.1507974194022568,0.0
 1.1244867921235562,2.7285056963957883,3.021967363381623,0.7281257185595863,1.9534903152560663,-3.0000000000000475,-0.019298182630836828,0.0,-2.1486050693968317,0.0
 1.1292263946322247,2.73773004403132,3.0220829547040213,0.717942184582535,1.9392715077300609,-2.9999999999999534,-0.019411714812061148,0.0,-2.1453282307848336,0.0
 1.134016917512458,2.7469850389297177,3.0221972697291113,0.7076649406073501,1.9248999390893613,-3.0,-0.019518757100828617,0.0,-2.1409814400747176,0.0
 1.1388597606465063,2.756271159954464,3.0223102885147473,0.6972965033401592,1.910371409687216,-3.0000000000000457,-0.019619365511930182,0.0,-2.135579495988286,0.0
 1.1437563796047603,2.76558888596904,3.0224219911187835,0.6868393842932445,1.895681552812454,-3.0,-0.019713603957136425,0.0,-2.1291374322253045,0.0
 1.1487082890288272,2.77493869583693,3.0225323575990743,0.6762960885774745,1.8808258245402536,-2.999999999999955,-0.019801535191803197,0.0,-2.121670477894289,0.0
 1.1537170662857217,2.7843210684216144,3.0226413680134754,0.6656691137411731,1.8657994927695698,-3.0000000000000444,-0.01988322598954512,0.0,-2.1131940290033437,0.0
 1.158784355420283,2.793736482586577,3.02274900241984,0.6549609485987845,1.8505976253658858,-3.0,-0.019958749381637417,0.0,-2.1037235959938982,0.0
 1.1639118714361723,2.8031854171952983,3.0228552408760234,0.6441740721673217,1.8352150773182185,-2.9999999999999134,-0.02002817853313505,0.0,-2.093274783360213,0.0
 1.169101404939564,2.8126683511112627,3.0229600634398803,0.6333109525472687,1.819646476808043,-3.0000000000000426,-0.020091589177783194,0.0,-2.0818632414224494,0.0
 1.1743548271838904,2.8221857631979512,3.0230634501692646,0.6223740458851347,1.803886210075064,-3.0,-0.020149059463824302,0.0,-2.069504627062925,0.0
 1.1796740955589138,2.8317381323188457,3.0231653811220314,0.6113657953704342,1.787928404949994,-2.9999999999999583,-0.020200672157777773,0.0,-2.056214572070875,0.0
 1.1850612595730339,2.8413259373374298,3.023265836356035,0.6002886302224647,1.771766912907634,-2.9999999999999174,-0.020246511254043816,0.0,-2.042008634047201,0.0
 1.1905184673842337,2.8509496571171846,3.0233647959291297,0.5891449647542047,1.7553952894740346,-3.0,-0.020286661136205624,0.0,-2.026902258174501,0.0
 1.196047972942605,2.860609770521593,3.023462239899171,0.5779371974513535,1.7388067727989207,-3.0,-0.02032121107078728,0.0,-2.0109107401168074,0.0
 1.201652143816103,2.870306756414137,3.0235581483240126,0.5666677100523867,1.721994260178427,-2.9999999999999605,-0.020350249685366188,0.0,-1.9940491691457507,0.0
 1.2073334697813503,2.880041093658299,3.023652501261509,0.5553388667317392,1.7049502822826854,-2.999999999999961,-0.02037386940458057,0.0,-1.9763323953796132,0.0
 1.213094572273155,2.8898132611175615,3.023745278769515,0.5439530132440833,1.6876669748072712,-3.0,-0.0203921625753198,0.0,-1.9577749757212048,0.0
 1.2189382148002976,2.8996237376554066,3.023836460905885,0.5325124761373832,1.6701360472258433,-3.0,-0.020405224318460355,0.0,-1.9383911264899678,0.0
 1.2248673144514493,2.9094730021353166,3.0239260277284736,0.5210195619855161,1.6523487482723886,-2.9999999999999627,-0.0204131509248254,0.0,-1.9181946666412553,0.0
 1.230884954634333,2.9193615334207736,3.0240139592951363,0.5094765566809424,1.6342958277237376,-2.999999999999963,-0.020416039062194292,0.0,-1.8971989748856464,0.0
 1.2369943992140147,2.92928981037526,3.024100235663726,0.4978857246872497,1.6159674939846924,-3.0000000000000364,-0.020413986416323224,0.0,-1.8754169128803975,0.0
 1.2431991082432807,2.9392583118622584,3.0241848368920983,0.4862493084342624,1.5973533668968944,-2.999999999999964,-0.020407094330302817,0.0,-1.8528607808595523,0.0
 1.2495027555103615,2.94926751674525,3.0242677430381075,0.47456952763671595,1.578442425095652,-3.000000000000035,-0.02039545946759084,0.0,-1.829542240211674,0.0
 1.255909248167983,2.959317903887719,3.0243489341596086,0.46284857870799145,1.5592229471227872,-3.0000000000000346,-0.020379186710993282,0.0,-1.8054722451586038,0.0
 1.2624227487543163,2.969409952153146,3.0244283903144553,0.45108863418054246,1.539682445363787,-3.0000000000000684,-0.020358374160617157,0.0,-1.7806609608513413,0.0
 1.2690476999727947,2.979544140405013,3.0245060915605024,0.43929184217825346,1.5198075917083516,-3.0000000000000333,-0.020333125856123593,0.0,-1.755117681432192,0.0
 1.275788852666275,2.9897209475068047,3.024582017955605,0.42746032589269173,1.4995841336279103,-3.0,-0.020303542384927365,0.0,-1.7288507343569524,0.0
 1.282651297504775,2.999940852322001,3.024656149557617,0.415596183094167,1.4789967991124104,-3.0,-0.020269727402107182,0.0,-1.7018673704924638,0.0
 1.2896405010089398,3.0102043337140847,3.024728466424394,0.4037014857046974,1.4580291885999161,-3.0,-0.020231783637667273,0.0,-1.6741736546478796,0.0
 1.2967623466585763,3.020511870546539,3.024798948613789,0.39177827934560744,1.436663651651007,-2.999999999999969,-0.02018981414822705,0.0,-1.6457743252037569,0.0
 1.3040231819938197,3.0308639416828447,3.024867576183657,0.3798285829713315,1.4148811456452768,-2.9999999999999694,-0.020143921019482314,0.0,-1.6166726510931468,0.0
 1.3114298728145852,3.041261025986486,3.0249343291918533,0.36785438848629726,1.3926610731829803,-3.0,-0.020094207201409947,0.0,-1.586870257794369,0.0
 1.3189898658336783,3.051703602320943,3.0249991876962325,0.3558576604151654,1.369981094125701,-3.0000000000000293,-0.02004077581116449,0.0,-1.556366935110343,0.0
 1.326711261456188,3.0621921495496998,3.0250621317546478,0.34384033557538557,1.346816907258172,-2.999999999999971,-0.019983728282250365,0.0,-1.5251604028146053,0.0
 1.3346028987639207,3.072727146536238,3.0251231414249555,0.33180432284025724,1.3231419953349737,-3.000000000000028,-0.019923167360050346,0.0,-1.493246062601605,0.0
 1.3426744553081222,3.083309072144039,3.0251821967650088,0.319751502811562,1.2989273257023688,-3.0000000000000275,-0.0198591940571591,0.0,-1.4606166714449107,0.0
 1.3509365649971583,3.093938405236587,3.0252392778326627,0.3076837276584494,1.2741409966352608,-2.999999999999973,-0.019791909430013892,0.0,-1.4272619912513826,0.0
 1.3594009582651574,3.104615624677363,3.0252943646857724,0.29560282086803025,1.2487478168312633,-3.000000000000026,-0.019721412804286072,0.0,-1.3931683484407098,0.0
 1.36808062990363,3.1153412093298494,3.0253474373821914,0.28351057706645155,1.222708801915845,-3.0000000000000258,-0.019647805789619638,0.0,-1.3583181091050778,0.0
 1.3769900415467746,3.126115638057528,3.0253984759797747,0.2714087618900967,1.1959805669864114,-3.0,-0.019571185362569715,0.0,-1.3226890536618805,0.0
 1.386145367991948,3.1369393897238824,3.025447460536377,0.2592991118183648,1.1685145876508913,-3.0,-0.019491650731031897,0.0,-1.2862535967493114,0.0
 1.3955647995604819,3.147812943192394,3.0254943711098523,0.24718333408400409,1.1402562929452902,-2.999999999999953,-0.019409298760132195,0.0,-1.2489778345241453,0.0
 1.4052689169390387,3.1587367773265447,3.025539187758056,0.23506310657456608,1.11114394080962,-2.999999999999977,-0.019324225127832106,0.0,-1.2108203488145015,0.0
 1.4152811609693998,3.169711370989818,3.025581890538842,0.22294007776530828,1.0811072087185365,-3.0,-0.01923652649966669,0.0,-1.1717306960346408,0.0
 1.4256284285871188,3.1807372030456955,3.025622459510065,0.2108158666775417,1.0500654058653798,-2.9999999999999787,-0.019146296139158026,0.0,-1.1316474719711633,0.0
 1.4363418390111762,3.1918147523576588,3.0256608747295797,0.19869206285496768,1.0179251745932079,-2.999999999999979,-0.01905362720846081,0.0,-1.090495796845795,0.0
 1.447457733768867,3.2029444977891917,3.0256971162552406,0.18657022634352563,0.9845774903201356,-2.99999999999998,-0.018958612725982642,0.0,-1.0481839866108846,0.0
 1.4590190042878226,3.214126918203775,3.0257311641449025,0.17445188772067985,0.9498936787632689,-2.9999999999999902,-0.01886134291428702,0.0,-1.0045990778647802,0.0
 1.4710768887462466,3.225362492464892,3.025762998456419,0.16233854811274698,0.9137200253879969,-2.9999999999999907,-0.018761908386013576,0.0,-0.9596006669372734,0.0
 1.483693458604084,3.2366516994360244,3.0257925992476458,0.1502316792627056,0.8758703158144848,-3.000000000000009,-0.018660395462971227,0.0,-0.9130122347396329,0.0
 1.4969451492457342,3.2479950179806547,3.025819946576437,0.13813272357589423,0.8361152438895345,-2.9999999999999747,-0.01855689395082099,0.0,-0.8646085586674056,0.0
 1.5109279270498603,3.2593929269622652,3.0258450205006473,0.12604309421250215,0.794166910477156,-3.0,-0.018451488876001718,0.0,-0.8140968306164507,0.0
 1.5257651289301426,3.270845905244338,3.0258678010781304,0.1139641751865479,0.7496553048363094,-2.9999999999999925,-0.01834426364901865,0.0,-0.7610871361388147,0.0
 1.5416198886838262,3.282354431690356,3.025888268366742,0.10189732149144795,0.7020910255752585,-3.000000000000014,-0.018235303561721424,0.0,-0.7050438992327832,0.0
 1.5587159337696062,3.2939189851638004,3.025906402424336,0.08984385920271017,0.6508028903179187,-2.999999999999987,-0.018124689278201125,0.0,-0.6452006640288191,0.0
 1.577374894044168,3.3055400445281546,3.0259221833087673,0.07780508564347545,0.5948260094942326,-3.0000000000000178,-0.018012500888359238,0.0,-0.5803971705826176,0.0
 1.5980897023092935,3.3172180886469,3.0259355910778902,0.06578226953723525,0.5326815846988562,-3.0000000000000107,-0.017898818376579924,0.0,-0.5087281602433157,0.0
 1.6216889824442573,3.3289535963835197,3.025946605789559,0.053776651171108476,0.46188374429396467,-3.000000000000002,-0.017783718233658107,0.0,-0.42663387042439,0.0
 1.6497861622808265,3.3407470466014955,3.0259552075016294,0.04178944258942281,0.37759220478425704,-2.9999999999999982,-0.017667278316884864,0.0,-0.32560949964865477,0.0
 1.686540663712902,3.3525989181643094,3.025961376271954,0.029821827768288987,0.267328700488031,-2.9999999999999987,-0.017549571629753673,0.0,-0.13406938601045032,0.0
 1.7756502305422455,3.364509689935444,3.0259650921583896,0.017874962855821706,0,-3.000000000000003,-0.017549571629753673,0.0,0.0,0.0
 1.7756502305422455,3.3764798407783796,3.025966335218789,0.0012972640232523395,0,3.0,0.0037478977353244585,0.0,0.0,0.0
 1.8651064884701372,3.388483473898995,3.0259666069993902,0.0012972640232523395,0.2683687737836752,3.0,0.0037478977353244585,0.0,0.06955024436245479,0.0
 1.902178907196824,3.4004940997717634,3.025967419434449,0.0038756598048006593,0.37958602996373597,3.0000000000000013,0.003711542232038243,0.0,0.08977425607032667,0.0
 1.9306372568614991,3.4125113081630665,3.0259687681638496,0.006430486974936083,0.4649610789577608,2.999999999999999,0.0036757865162905896,0.0,0.10547903735102065,0.0
 1.9546378433617393,3.4245346888392865,3.0259706488274745,0.00896204573484133,0.5369628384584817,3.000000000000002,0.0036406201680329185,0.0,0.11859619795844492,0.0
 1.9757901670580347,3.436563831566806,3.0259730570652073,0.011470630903208266,0.6004198095473674,2.9999999999999987,0.0036060349406993224,0.0,0.12995265206036835,0.0
 1.9949194504296544,3.448598326112007,3.0259759885169317,0.013956532009364545,0.6578076596622263,2.9999999999999987,0.0035720137023656133,0.0,0.14000097873125197,0.0
 2.0125157659678883,3.4606377622412716,3.0259794388225307,0.016420033406781238,0.7105966062769283,3.000000000000003,0.0035385480272973665,0.0,0.1490232374968673,0.0
 2.028898318315242,3.4726817297209824,3.0259834036218884,0.018861414396045814,0.7597442633189899,3.0,0.0035056249619038497,0.0,0.15721034495863861,0.0
 2.044288748962574,3.4847298183175215,3.0259878785548877,0.02128094930717488,0.8059155552609859,3.0000000000000036,0.0034732313938766945,0.0,0.1646992050258318,0.0
 2.0588483718703663,3.4967816177972706,3.0259928592614123,0.023678907625564148,0.8495944239843627,3.0000000000000075,0.003441363249185931,0.0,0.17159228084066508,0.0
 2.072698915949656,3.508836717926612,3.0259983413813454,0.026055554075013646,0.891146056222232,3.0,0.003410004965741316,0.0,0.17796883863314403,0.0
 2.0859349108829113,3.520894708471929,3.02600432055457,0.02841114872143924,0.9308540410219974,3.0000000000000084,0.00337914539061138,0.0,0.18389183650115348,0.0
 2.0986314959899466,3.5329551791996026,3.0260107924209696,0.030745947074065146,0.9689437963431032,3.0000000000000044,0.0033487803233763886,0.0,0.1894123644653059,0.0
 2.110849563705624,3.5450177198760153,3.0260177526204286,0.033060200169288824,1.0055979994901354,2.9999999999999956,0.003318896132877145,0.0,0.1945726278120583,0.0
 2.1226392717889824,3.5570819202675494,3.0260251967928293,0.03535415465220493,1.0409671237402107,3.000000000000014,0.003289481355531388,0.0,0.19940802367349184,0.0
 2.134042515236861,3.5691473701405876,3.026033120578056,0.03762805289161419,1.075176854083848,3.000000000000005,0.003260529206336408,0.0,0.20394861889945626,0.0
 2.145094711384353,3.581213659261511,3.026041519615991,0.039882133031701045,1.1083334425263236,3.0,0.0032320304435936678,0.0,0.20822024295188912,0.0
 2.1558261179349634,3.5932803773967033,3.0260503895465187,0.042116629110884624,1.1405276621781548,3.000000000000021,0.0032039757201489387,0.0,0.2122452949479972,0.0
 2.1662628251165277,3.6053471143125453,3.0260597260095223,0.04433177110492161,1.1718377837228477,3.000000000000016,0.003176358059535141,0.0,0.21604337018991698,0.0
 2.176427515328953,3.61741345977542,3.026069524644885,0.04652778503535044,1.2023318543601238,3.0000000000000053,0.003149167937027578,0.0,0.21963173690175178,0.0
 2.1863400535937383,3.629479003551709,3.0260797810924895,0.048704893031550296,1.2320694691544793,2.999999999999989,0.0031223982224296747,0.0,0.22302571718766226,0.0
 2.196017952699048,3.6415433354077953,3.0260904909922206,0.05086331342038184,1.2611031664704087,3.0000000000000058,0.003096039174580705,0.0,0.22623898393817474,0.0
 2.2054767440805194,3.653606045110061,3.026101649983961,0.0530032607718091,1.289479540614823,3.0,0.003070080895175833,0.0,0.22928380913591836,0.0
 2.2147302767810215,3.6656667224248873,3.026113253707594,0.05512494599734401,1.3172401387163293,3.0,0.0030445211142669662,0.0,0.2321712576833776,0.0
 2.223790960831533,3.677724957118658,3.0261252978030035,0.05722857640882302,1.3444221908678642,2.999999999999982,0.0030193471719801466,0.0,0.23491135030288152,0.0
 2.232669967180476,3.689780338957754,3.026137777910072,0.05931435577960104,1.3710592099146928,3.000000000000006,0.002994556711112261,0.0,0.23751320070871387,0.0
 2.2413773932906196,3.701832457708558,3.026150689668684,0.061382484424955794,1.3971814882451226,3.000000000000006,0.002970139450839573,0.0,0.23998512510100786,0.0
 2.2499224013438637,3.713880903137453,3.0261640287187217,0.06343315925160271,1.422816512404855,3.0000000000000067,0.0029460902913943337,0.0,0.24233474021534274,0.0
 2.258313334394858,3.7259252650108197,3.02617779070007,0.0654665738326797,1.4479893115578375,3.0,0.0029223959516418135,0.0,0.24456903993775253,0.0
 2.2665578146257803,3.7379651330950407,3.0261919712526106,0.06748291844754227,1.472722752250606,3.0000000000000067,0.0028990592867786285,0.0,0.24669447111765172,0.0
 2.2746628269611247,3.7500000971564993,3.0262065660162283,0.06948238017901211,1.497037789256639,3.0000000000000067,0.002876066795591916,0.0,0.24871698267205047,0.0
 2.2826347906225886,3.7620297469615767,3.0262215706308058,0.07146514292686265,1.5209536802410308,2.999999999999979,0.002853413012011139,0.0,0.25064208630095064,0.0
 2.290479620683494,3.7740536722766556,3.0262369807362273,0.07343138750000434,1.5444881704237463,2.999999999999986,0.002831098058416733,0.0,0.2524748923005156,0.0
 2.2982027812790546,3.7860714628681174,3.0262527919723747,0.07538129163958811,1.5676576522104282,2.999999999999986,0.0028091051158516864,0.0,0.2542201572365878,0.0
 2.305809331814122,3.7980827085023456,3.026268999979133,0.07731503011264092,1.5904773038156292,2.9999999999999707,0.0027874398734218805,0.0,0.25588230679591356,0.0
 2.3133039672623363,3.8100869989457213,3.0262856003963843,0.07923277471972455,1.6129612101602737,3.0,0.0027660880560493413,0.0,0.2574654756008857,0.0
 2.3206910534542744,3.8220839239646276,3.026302588864013,0.08113469437943659,1.6351224687360875,2.999999999999985,0.0027450466988690565,0.0,0.2589735264864657,0.0
 2.3279746580953433,3.834073073325446,3.026319961021902,0.0830209551588674,1.6569732826592942,3.0,0.002724306937619633,0.0,0.260410077313028,0.0
 2.3351585781282065,3.8460540367945586,3.026337712509935,0.08489172033003588,1.6785250427578835,3.0000000000000155,0.0027038686567170196,0.0,0.2617785202128153,0.0
 2.342246363952568,3.8580264041383483,3.0263558389679948,0.08674715041472257,1.6997884002309678,3.0,0.002683719796100437,0.0,0.2630820405623618,0.0
 2.3492413409322683,3.869989765123197,3.0263743360359654,0.08858740323222891,1.7207733311700693,3.0000000000000315,0.002663863177309955,0.0,0.26432363222217764,0.0
 2.3561466285518127,3.8819437095154874,3.02639319935373,0.09041263393736568,1.741489194028702,3.000000000000016,0.0026442895496004005,0.0,0.2655061144503673,0.0
 2.362965157528689,3.893887827081601,3.0264124245611725,0.0922229950722834,1.7619447809593316,3.0,0.0026249956259715664,0.0,0.26663214209974945,0.0
 2.369699685141752,3.90582170758792,3.026432007298175,0.09401863659578431,1.7821483637985207,3.0,0.0026059718285571325,0.0,0.2677042232524187,0.0
 2.376352808997667,3.9177449408008265,3.0264519432046226,0.09579970594983411,1.8021077353662651,3.000000000000017,0.0025872178148114433,0.0,0.26872472057842955,0.0
 2.3829269794255,3.9296571164867036,3.0264722279203973,0.09756634806108863,1.8218302466497656,3.0,0.002568723736641781,0.0,0.26969587297382647,0.0
 2.3894245106627965,3.941557824411933,3.0264928570853833,0.09931870542030595,1.8413228403616542,2.999999999999983,0.0025504923869337916,0.0,0.2706197935255241,0.0
 2.3958475909739887,3.9534466543428968,3.026513826339464,0.10105691808791867,1.8605920812952312,3.0000000000000173,0.0025325071817866706,0.0,0.27149848479519934,0.0
 2.4021982918230025,3.965323196045977,3.026535131322522,0.10278112374581341,1.8796441838422717,3.0000000000000173,0.0025147806552372827,0.0,0.27233384464601323,0.0
 2.4084785762058076,3.9771870392875566,3.0265567676744416,0.10449145773725309,1.8984850369906874,2.9999999999999822,0.0024972959589477316,0.0,0.2731276706525703,0.0
 2.4146903062349874,3.989037773834017,3.026578731035106,0.10618805309084557,1.9171202270782266,3.0,0.0024800457463013395,0.0,0.27388166796436486,0.0
 2.4208352500566983,4.0008749894517415,3.026601017044398,0.10787104055428305,1.9355550585433592,3.000000000000018,0.002463039476683662,0.0,0.2745974571134107,0.0
 2.4269150881703894,4.012698275907111,3.026623621342202,0.10954054863996388,1.953794572884433,3.0,0.002446263030845372,0.0,0.27527657470133887,0.0
 2.4329314192130567,4.024507222966508,3.0266465395684006,0.11119670364165866,1.9718435660124352,3.000000000000037,0.002429708733938446,0.0,0.2759204820955027,0.0
 2.438885765262385,4.036301420396316,3.0266697673628773,0.11283962967415274,1.98970660416042,3.0000000000000187,0.002413382723289056,0.0,0.2765305684190273,0.0
 2.444779576706745,4.048080457962914,3.026693300365516,0.11446944870301617,2.0073880384935,3.0000000000000564,0.0023972808402146625,0.0,0.27710815356829915,0.0
 2.4506142367244594,4.059843925432689,3.0267171342161996,0.1160862805672238,2.0248920185466432,3.0,0.0023813916578521465,0.0,0.27765449419088856,0.0
 2.4563910654099184,4.071591412572019,3.0267412645548117,0.11769024301391233,2.0422225046030205,3.000000000000019,0.0023657105910439794,0.0,0.2781707856672205,0.0
 2.462111323579954,4.083322509147289,3.0267656870212356,0.11928145172329058,2.059383279113128,2.9999999999999614,0.002350240269853416,0.0,0.27865816615549976,0.0
 2.4677762162901864,4.095036804924879,3.026790397255355,0.1208600203373915,2.076377957243824,2.999999999999961,0.0023349761105657374,0.0,0.27911771839992716,0.0
 2.4733868960878618,4.106733889671173,3.0268153908970534,0.12242606048119122,2.0932099966368503,3.0,0.0023199134063334533,0.0,0.27955047248687326,0.0
 2.4789444660248834,4.118413353152552,3.0268406635862135,0.12397968178296448,2.1098827064479155,3.00000000000002,0.0023050435314091863,0.0,0.2799574131467482,0.0
 2.4844499824522552,4.130074785135399,3.0268662109627194,0.12552099192000837,2.1263992557300306,3.0000000000000404,0.0022903652114384014,0.0,0.2803394727241214,0.0
 2.48990445761497,4.1417177753860965,3.026892028666454,0.12705009661111072,2.1427626812181755,2.999999999999959,0.0022758810638180515,0.0,0.2806975440682883,0.0
 2.4953088620644643,4.153341913671025,3.026918112337301,0.12856709966723542,2.1589758945666575,2.9999999999999587,0.002261582148332023,0.0,0.28103247221188404,0.0
 2.5006641269040335,4.164946789756569,3.0269444576151434,0.13007210298444896,2.1750416890853654,3.000000000000021,0.0022474710721167254,0.0,0.2813450676232494,0.0
 2.505971145881101,4.1765319934091085,3.026971060139865,0.13156520659742993,2.190962746016569,3.0000000000000835,0.0022335346071998786,0.0,0.28163609661166744,0.0
 2.5112307773388918,4.188097114395028,3.02699791555135,0.13304650867081802,2.2067416403899407,3.0,0.002219775193854638,0.0,0.2819062894768704,0.0
 2.5164438460388494,4.199641742480708,3.0270250194894803,0.13451610552481108,2.2223808464898136,3.0,0.002206187256307462,0.0,0.2821563446835822,0.0
 2.5216111448640945,4.21116546743253,3.0270523675941403,0.13597409167323005,2.2378827429655495,3.0000000000000213,0.0021927733193555553,0.0,0.2823869205803349,0.0
 2.526733436413246,4.222667879016879,3.027079955505213,0.13742055981010967,2.2532496176130046,3.0000000000000218,0.0021795235047965726,0.0,0.2825986473649133,0.0
 2.531811454493082,4.234148567000135,3.027107778862581,0.13885560085076584,2.268483671852512,3.0000000000000435,0.0021664402664552107,0.0,0.28279212235545936,0.0
 2.5368459055177635,4.245607121148681,3.0271358333061293,0.14027930394093016,2.283587024926557,3.000000000000044,0.002153513351082589,0.0,0.282967910289621,0.0
 2.5418374698216444,4.257043131228899,3.027164114475741,0.1416917564610755,2.298561717838199,3.000000000000022,0.0021407407697400928,0.0,0.28312654822867384,0.0
 2.546786802892078,4.268456187007171,3.027192618011298,0.14309304404934148,2.3134097170495003,2.9999999999999325,0.0021281248999150174,0.0,0.28326854811464974,0.0
 2.5516945365280903,4.27984587824988,3.0272213395526855,0.1444832506309481,2.328132917957537,3.0000000000000226,0.002115668295816409,0.0,0.2833943872577128,0.0
 2.556561279930261,4.291211794723408,3.027250274739786,0.1458624583953468,2.3427331481640494,3.0,0.0021033466472160584,0.0,0.2835045227333524,0.0
 2.5613876207267348,4.302553526194136,3.027279419212483,0.14723074783939955,2.35721217055347,2.999999999999977,0.002091180135332924,0.0,0.2835993841032997,0.0
 2.5661741259398525,4.313870662428448,3.0273087686106606,0.14858819776984705,2.371571686192824,3.000000000000046,0.002079153044689499,0.0,0.2836793721481351,0.0
 2.5709213428975355,4.325162793192725,3.0273383185742007,0.14993488529585342,2.385813337065872,3.0,0.0020672629600793383,0.0,0.2837448717658498,0.0
 2.5756298000932114,4.336429508253349,3.027368064742988,0.15127088587905546,2.3999387086528996,3.0,0.0020555074013831774,0.0,0.2837962347046385,0.0
 2.5803000079977823,4.347670397376703,3.0273980027569056,0.1525962732976606,2.413949332366613,2.999999999999976,0.0020438886155489553,0.0,0.28383379473857023,0.0
 2.5849324598268364,4.358885050329169,3.0274281282558366,0.15391111967924467,2.4278466878537754,3.0,0.0020323993026491625,0.0,0.2838578635292391,0.0
 2.5895276322660754,4.37007305687713,3.0274584368796646,0.1552154955103954,2.4416322051714916,3.000000000000024,0.0020210367598374806,0.0,0.28386872764589866,0.0
 2.594085986157684,4.381234006786967,3.027488924268273,0.1565094696297661,2.455307266846318,3.0,0.002009798197415061,0.0,0.2838666548134824,0.0
 2.598607967150177,4.392367489825062,3.027519586061546,0.1577931092472353,2.4688732098237973,2.9999999999999507,0.0019986807325898578,0.0,0.2838518863630894,0.0
 2.6030940063140435,4.403473095757799,3.027550417899365,0.15906647992619743,2.482331327315396,2.999999999999975,0.0019876813829049454,0.0,0.2838246516495715,0.0
 2.6075445207253587,4.414550414351559,3.0275814154216154,0.16032964562865037,2.4956828705493415,3.0,0.001976802244182938,0.0,0.2837851485196553,0.0
 2.611959914019364,4.4255990353727235,3.0276125742681796,0.1615826686703623,2.5089290504313566,2.9999999999999747,0.0019660350675590674,0.0,0.2837335619388258,0.0
 2.616340576915862,4.436618548587675,3.027643890078941,0.162825609757639,2.5220710391208514,3.0000000000000506,0.001955376532978175,0.0,0.28367005447467003,0.0
 2.6206868877181586,4.447608543762797,3.027675358493784,0.16405852797969042,2.535109971527742,2.999999999999949,0.0019448177929911865,0.0,0.2834486093848075,0.0
 2.6250014363706926,4.458568610664471,3.027706975152591,0.16528148079537425,2.5454272464969,2.3912756118994207,0.0019343769252027838,0.0,0.2817881072066212,0.0
 2.6293062428009093,4.469498339059079,3.027738735695245,0.16649452405123588,2.53251282720625,-3.0,0.001924028680641498,0.0,0.27885994056010416,0.0
 2.6336209103335815,4.4803973187130035,3.0277706357616307,0.16769771198293346,2.5195688246082333,-3.0,0.001913780195338566,0.0,0.2759579851880895,0.0
 2.637945428072077,4.491265139392627,3.027802670991631,0.16889109718495884,2.506595271392747,-2.9999999999999742,0.001903621948769616,0.0,0.27308165980742083,0.0
 2.6422797852433817,4.50210139086433,3.0278348370251287,0.17007473063549688,2.493592199878833,-3.0,0.0018935670706057416,0.0,0.27023038755210627,0.0
 2.6466239712000514,4.512905662894497,3.027867129502008,0.17124866169016617,2.4805596420088243,-2.999999999999898,0.0018835942870793455,0.0,0.26740359129243624,0.0
 2.650977975422248,4.523677545249509,3.0278995440621514,0.17241293805568392,2.4674976293422355,-2.999999999999949,0.0018737109049962804,0.0,0.264600704743003,0.0
 2.655341787519863,4.534416627695748,3.0279320763454436,0.17356760581207897,2.4544061930493895,-2.9999999999999747,0.0018639065930643637,0.0,0.26182115910949705,0.0
 2.65971539723474,4.5451224999995965,3.027964721991767,0.17471270937712063,2.4412853639047585,-3.0,0.0018541949758060867,0.0,0.2590643947303274,0.0
 2.664098794442987,4.555794751927438,3.0279974766410054,0.17584829152173778,2.428135172280017,-3.0000000000000253,0.0018445470055886287,0.0,0.25632985263929886,0.0
 2.668491969157393,4.566432973245653,3.0280303359330416,0.1769743933489001,2.4149556481367993,-3.000000000000076,0.0018349761278789731,0.0,0.25361697798930416,0.0
 2.6728949115299523,4.577036753720624,3.0280632955077595,0.1780910542876896,2.401746821019122,-3.0000000000000253,0.0018254774378294724,0.0,0.2509252182247876,0.0
 2.677307611854494,4.587605683118733,3.0280963510050434,0.1791983120795858,2.388508720045497,-3.0,0.0018160522890126826,0.0,0.24825401983966017,0.0
 2.681730060569434,4.598139351206364,3.028129498064775,0.18029620275060446,2.375241373900676,-3.0,0.0018066889613905781,0.0,0.2456028402775155,0.0
 2.6861622482606387,4.608637347749897,3.0281627323268387,0.18138476063620732,2.3619448108270626,-3.000000000000025,0.001797381767085032,0.0,0.2429711294010179,0.0
 2.690604165664421,4.619099262515715,3.0281960494311178,0.1824640183245103,2.348619058615716,-3.0,0.0017881383460399743,0.0,0.24035834400814254,0.0
 2.695055803670666,4.6295246852702014,3.028229445017496,0.18353400666381509,2.335264144596981,-2.999999999999975,0.0017789461194643212,0.0,0.23776393872370827,0.0
 2.699517153326092,4.639913205779736,3.0282629147258557,0.18459475472991285,2.3218800956307026,-3.000000000000025,0.0017698058232968978,0.0,0.2351873721647667,0.0
 2.70398820583766,4.650264413810704,3.028296454196081,0.18564628982091924,2.3084669380959983,-3.0,0.0017607111581758566,0.0,0.2326281028677103,0.0
 2.708468952576128,4.660577899129485,3.0283300590680557,0.1866886374341198,2.295024697880594,-2.9999999999999503,0.0017516627373687678,0.0,0.2300855832903911,0.0
 2.7129593850797695,4.670853251502462,3.0283637249816624,0.18772182121594622,2.2815534003696705,-2.9999999999999507,0.0017426538980429998,0.0,0.2275592766109781,0.0
 2.71745949505825,4.681090060696017,3.028397447576785,0.18874586298731907,2.2680530704342288,-3.0000000000000493,0.001733677598072213,0.0,0.22504863479784612,0.0
 2.7219692743966837,4.691287916476535,3.0284312224933063,0.18976078267067312,2.2545237324189276,-2.9999999999999756,0.0017247416518738731,0.0,0.22255311647868345,0.0
 2.7264887151598645,4.701446408610393,3.0284650453711106,0.19076659829725987,2.2409654101293843,-3.0000000000000493,0.0017158234354230533,0.0,0.22007217208616459,0.0
 2.731017809596696,4.711565126863978,3.0284989118500807,0.19176332594755663,2.2273781268188912,-3.0,0.0017069383080803838,0.0,0.21760525577269535,0.0
 2.735556550144808,4.721643661003669,3.0285328175701,0.19275097974541444,2.213761905174555,-3.0000000000000244,0.0016980626230674617,0.0,0.21515181818075702,0.0
 2.7401049294353976,4.7316816007958495,3.0285667581710527,0.19372957181956052,2.200116767302786,-2.9999999999999756,0.0016892120076813036,0.0,0.2127113005734241,0.0
 2.7446629402982774,4.741678536006902,3.0286007292928208,0.19469911223823153,2.1864427347141455,-3.0000000000000733,0.0016803700187288113,0.0,0.21028315433496922,0.0
 2.7492305757671613,4.75163405640321,3.0286347265752886,0.19565960903248075,2.1727398283074937,-3.0,0.0016715275780026877,0.0,0.2078668138651522,0.0
 2.7538078290851864,4.761547751751152,3.0286687456583397,0.19661106809595227,2.159008068353419,-2.9999999999999756,0.001662692281968951,0.0,0.20546171658878307,0.0
 2.7583946937106987,4.771419211817113,3.028702782181857,0.19755349317567036,2.145247474476883,-2.9999999999999516,0.0016538548261883933,0.0,0.2030672937251643,0.0
 2.762991163323296,4.781248026367475,3.028736831785724,0.19848688582059054,2.13145806563909,-2.9999999999999516,0.0016450053090787426,0.0,0.20068297185654949,0.0
 2.7675972318301603,4.7910337851686196,3.0287708901098247,0.1994112453371229,2.1176398601184974,-3.000000000000024,0.0016361422987893426,0.0,0.1983081702274964,0.0
 2.7722128933726795,4.800776077986928,3.028804952794042,0.20032656873200927,2.10379287549094,-3.000000000000048,0.00162726436760636,0.0,0.19594230239672228,0.0
 2.7768381423333874,4.810474494588785,3.0288390154782583,0.20123285066252844,2.0899171286088163,-2.999999999999928,0.001618351164254465,0.0,0.1935847803067785,0.0
 2.7814729733432246,4.820128624740572,3.028873073802359,0.2021300834053268,2.0760126355793056,-2.999999999999952,0.0016094098155915015,0.0,0.19123499713443337,0.0
 2.7861173812891487,4.829738058208669,3.028907123406226,0.20301825674555674,2.062079411741533,-2.999999999999952,0.001600428469902581,0.0,0.18889234997491627,0.0
 2.7907713613221112,4.839302384759461,3.0289411599297433,0.2038973579707194,2.0481174716426453,-3.0,0.001591404499128949,0.0,0.18655621994144606,0.0
 2.7954349088654102,4.848821194159328,3.0289751790127943,0.20476737177191445,2.034126829012748,-3.000000000000095,0.0015823249683549856,0.0,0.18422598165048293,0.0
 2.8001080196234565,4.858294076174654,3.0290091762952622,0.2056282801886769,2.0201074967386097,-3.0000000000000475,0.0015731969398435097,0.0,0.18190099918152483,0.0
 2.804790689590958,4.867720620571821,3.0290431474170303,0.20648006253460277,2.006059486836105,-3.0000000000000475,0.0015640068928820913,0.0,0.17958062758529,0.0
 2.8094829150625618,4.87710041711721,3.029077088017983,0.20732269532956513,1.991982810421292,-3.0000000000000475,0.0015547403310090088,0.0,0.17726420291268738,0.0
 2.8141846926429706,4.8864330555772035,3.0291109937380023,0.20815615218462905,1.9778774776800654,-3.000000000000047,0.0015453928318026043,0.0,0.17495106278825276,0.0
 2.8188960192575574,4.895718125718185,3.0291448602169724,0.20898040378299354,1.9637434978363053,-3.000000000000047,0.0015359597941983767,0.0,0.17264051782261564,0.0
 2.8236168921635154,4.904955217306535,3.0291786830947767,0.2097954177260529,1.9495808791184308,-3.000000000000094,0.0015264131748468687,0.0,0.17033187153496032,0.0
 2.8283473089615714,4.9141439201086365,3.029212458011298,0.21060115847240618,1.935389628724263,-3.0,0.0015167701922688896,0.0,0.16802441370581844,0.0
 2.8330872676082883,4.9232838238908725,3.0292461806064206,0.21139758724501062,1.921169752784112,-3.0,0.0015070134254170668,0.0,0.165717412359343,0.0
 2.8378367664290014,4.932374518419625,3.0292798465200272,0.2121846618995829,1.9069212563219733,-3.0000000000000466,0.0014971365380282017,0.0,0.16341012562592605,0.0
 2.8425958041314168,4.941415593461274,3.029313451392002,0.21296233684839314,1.8926441432147274,-2.9999999999999534,0.001487120151304003,0.0,0.16110178534926586,0.0
 2.847364379819922,4.950406638782205,3.0293469908622273,0.21373056290538445,1.878338416149211,-3.0000000000000466,0.0014769563750151868,0.0,0.15879161556435825,0.0
 2.8521424930106365,4.959347244148798,3.029380460570587,0.21448928721828742,1.8640040765770667,-3.0,0.0014666368901558654,0.0,0.1564788080693267,0.0
 2.8569301436472623,4.968236999327435,3.0294138561569652,0.21523845308335893,1.8496411246671902,-2.999999999999954,0.0014561392328711524,0.0,0.15416253961478346,0.0
 2.8617273321177743,4.977075494084501,3.0294471732612442,0.2159779998409838,1.835249559255655,-2.999999999999954,0.0014454530944085925,0.0,0.15184196474214068,0.0
 2.8665340592720012,4.985862318186375,3.029480407523308,0.21670786273606102,1.820829377792974,-3.000000000000046,0.0014345963146157822,0.0,0.1495162100193936,0.0
 2.8713503264401625,4.99459706139944,3.0295135545830396,0.21742797274948533,1.8063805762884901,-3.0,0.0014235152474995462,0.0,0.1471843799007637,0.0
 2.8761761354524102,5.003279313490079,3.0295466100803234,0.21813825645647258,1.7919031492517457,-3.0,0.0014122116275913058,0.0,0.14484554546544415,0.0
 2.881011488659445,5.011908664224675,3.0295795696550414,0.21883863582926358,1.7773970896306426,-2.9999999999999543,0.0014006568053518994,0.0,0.14249875973043274,0.0
 2.8858563889542688,5.0204847033696085,3.029612428947078,0.21952902811229358,1.7628623887461712,-2.9999999999999543,0.0013888675253170707,0.0,0.14014303158859567,0.0
 2.8907108397951644,5.029007020691262,3.029645183596316,0.2202093455698345,1.7482990362234843,-3.0,0.0013767972980193626,0.0,0.1377773501833481,0.0
 2.8955748452299597,5.037475205956019,3.0296778292426394,0.22087949534991796,1.7337070199190991,-3.0,0.0013644287822500096,0.0,0.13540065848378105,0.0
 2.9004484099216725,5.04588884893026,3.0297103615259315,0.2215393792183392,1.7190863258439608,-2.9999999999999543,0.0013517607723799,0.0,0.13301187075740958,0.0
 2.9053315391756334,5.054247539380367,3.029742776086075,0.22218889337555883,1.704436938082077,-3.0,0.0013387568897019438,0.0,0.1306098618601927,0.0
 2.9102242389681763,5.062550867072725,3.0297750685629543,0.2228279282195862,1.6897588387044498,-2.9999999999999547,0.0013253956583465208,0.0,0.12819346052521402,0.0
 2.9151265159769975,5.070798421773713,3.0298072345964524,0.2234563680738002,1.6750520076779856,-3.0,0.0013116539004106962,0.0,0.12576145538678116,0.0
 2.9200383776133236,5.078989793249716,3.0298392698264522,0.22407409094184305,1.660316422769008,-2.9999999999999547,0.0012975458735953556,0.0,0.12331259073675203,0.0
 2.9249598320559764,5.087124571267114,3.029871169892838,0.2246809682393595,1.6455520594410482,-3.0,0.0012829873521221634,0.0,0.12084555460370673,0.0
 2.929890888287505,5.09520234559229,3.029902930435492,0.22527686446444062,1.6307588907464634,-2.999999999999955,0.0012679889713582114,0.0,0.11835899304031318,0.0
 2.9348315561324965,5.103222705991627,3.029934547094299,0.22586163693552047,1.6159368872114885,-3.0000000000000897,0.0012524991615270797,0.0,0.11585148509314479,0.0
 2.939781846298251,5.111185242231505,3.029966015509142,0.2264351354028651,1.6010860167142251,-2.999999999999955,0.001236528032984594,0.0,0.11332155926484988,0.0
 2.944741770417969,5.119089544078308,3.0299973313199033,0.22699720173794694,1.5862062443550702,-3.000000000000045,0.0012199957339082705,0.0,0.11076768088527378,0.0
 2.9497113410966467,5.126935201298419,3.0300284901664676,0.22754766955701952,1.571297532319037,-3.000000000000045,0.0012028848209717643,0.0,0.10818824360954762,0.0
 2.954690571959872,5.134721803658219,3.030059487688718,0.2280863637986383,1.556359839729361,-3.0000000000000444,0.001185164766784969,0.0,0.10558157426144472,0.0
 2.9596794777057456,5.1424489409240906,3.030090319526537,0.22861310032112958,1.5413931224917405,-3.0000000000000444,0.0011668025471194823,0.0,0.1029459271938004,0.0
 2.96467807416015,5.150116202862415,3.03012098131981,0.2291276854677959,1.5263973331285265,-3.0000000000000444,0.0011477487545647738,0.0,0.10027946681074096,0.0
 2.9696863783356386,5.157723179239575,3.0301514687084183,0.22962991554013992,1.5113724206020602,-3.0000000000000444,0.0011279485137303275,0.0,0.0975802863529213,0.0
 2.9747044084942025,5.165269459821953,3.0301817773322464,0.23011957635994015,1.4963183301263694,-3.0,0.0011073996357380785,0.0,0.0948463763883924,0.0
 2.9797321842142357,5.172754634375932,3.0302119028311774,0.23059644266827886,1.4812350029662702,-2.9999999999999116,0.0010859951725600361,0.0,0.0920756375907354,0.0
 2.984769726462021,5.180178292667892,3.030241840845095,0.23106027758263398,1.4661223762229134,-2.9999999999999116,0.0010637089793942977,0.0,0.0892658635724685,0.0
 2.9898170576680996,5.1875400244642185,3.0302715870138823,0.2315108319614808,1.4509803826046792,-2.999999999999956,0.0010404636177511171,0.0,0.08641474225283383,0.0
 2.9948742018089085,5.194839419531291,3.0303011369774224,0.23194784376894426,1.4358089501822526,-2.999999999999956,0.0010162422058394248,0.0,0.08351984365631832,0.0
 2.9999411844941397,5.202076067635492,3.0303304863756,0.23237103737062403,1.420608002126559,-3.0,0.000990936482327415,0.0,0.08057860511167142,0.0
 3.0050180330602654,5.209249558543204,3.030359630848297,0.23278012274644566,1.4053774564281811,-3.0000000000000435,0.0009645195193598961,0.0,0.07758834408060387,0.0
 3.010104776670766,5.216359482020811,3.0303885660353975,0.23317479475994696,1.3901172255966807,-2.9999999999999565,0.0009368611717779207,0.0,0.07454622264287136,0.0
 3.0152014464236156,5.2234054278346935,3.030417287576785,0.2335547322380801,1.3748272163381303,-3.0000000000000435,0.0009079410279053053,0.0,0.07144925560415324,0.0
 3.0203080754666596,5.230386985751233,3.030445791112342,0.23391959708185212,1.3595073292089992,-3.0,0.0008776254040766332,0.0,0.06829429696483609,0.0
 3.02542469912156,5.2373037455368125,3.0304740722819536,0.2342690332971972,1.3441574582442986,-2.9999999999999565,0.0008458561622030566,0.0,0.06507801559548787,0.0
 3.030551355017065,5.244155296957814,3.030502126725502,0.2346026658895176,1.328777490557783,-3.0,0.000812490611329402,0.0,0.06179690392291958,0.0
 3.035688083232441,5.25094122978062,3.03052995008287,0.2349200997895213,1.3133673059116553,-3.000000000000043,0.0007774733971491188,0.0,0.05844724798401987,0.0
 3.0408349264519723,5.257661133771615,3.0305575379939427,0.23522091861150815,1.2979267762530606,-2.999999999999957,0.0007406546147105448,0.0,0.05502511470046718,0.0
 3.045991930131554,5.264314598697177,3.0305848860986027,0.23550468333048785,1.2824557652143156,-3.000000000000043,0.0007019203162213856,0.0,0.051526342274461324,0.0
 3.0511591426785003,5.270901214323691,3.030611990036733,0.2357709308927867,1.266954127573477,-3.0,0.0006611375858801636,0.0,0.04794652164596264,0.0
 3.0563366156458,5.277420570417537,3.030638845448218,0.2360191727124847,1.2514217086715775,-3.000000000000043,0.0006181885583389639,0.0,0.04428096689008496,0.0
 3.061524403942217,5.2838722567451,3.0306654479729396,0.23624889299427113,1.2358583437823272,-2.9999999999999574,0.0005728906941109474,0.0,0.040524713443971155,0.0
 3.066722566059751,5.290255863072761,3.030691793250782,0.2364595470245195,1.2202638574297249,-3.0,0.0005250628758096634,0.0,0.03667247838826148,0.0
 3.071931164320184,5.296570979166901,3.030717876921629,0.23665055923165837,1.204638062648426,-3.0000000000000426,0.00047453209039715255,0.0,0.0327186403337205,0.0
 3.077150265142599,5.302817194793905,3.0307436946253636,0.23682132111433238,1.1889807601811813,-3.0,0.0004211470422318547,0.0,0.028657225177706212,0.0
 3.0823799393340012,5.308994099720152,3.0307692420018695,0.23697118906524142,1.1732917376069738,-3.0000000000000426,0.0003645614637826673,0.0,0.024481855200605498,0.0
 3.0876202624054194,5.315101283712026,3.0307945146910296,0.2370994818958803,1.1575707683927183,-3.000000000000042,0.0003046227506145031,0.0,0.02018573893608273,0.0
 3.0928713149161426,5.321138336535909,3.030819508332728,0.2372054782710014,1.1418176108605487,-3.0,0.0002410271621003685,0.0,0.015761615831908844,0.0
 3.098133182849068,5.327104847958183,3.0308442185668474,0.23728841381191842,1.126032007061773,-2.999999999999958,0.00017377785490393607,0.0,0.011201739270916023,0.0
 3.1034059580205278,5.33300040774523,3.0308686410332712,0.23734747806462328,1.110213681547394,-3.000000000000042,0.00010205119619793919,0.0,0.006497815373462319,0.0
 3.108689738528361,5.338824605663433,3.0308927713718834,0.23738181109483708,1.094362340023894,-2.999999999999958,0.000025377933087390642,0.0,0.0016409663991036624,0.0
 3.1139846292424798,5.344577031479173,3.030916605222567,0.23739049983258587,1.0784776678815378,-2.9999999999999583,-0.000054515087565397745,0.0,-0.0033783202403460766,0.0
 3.119290742342761,5.350257274958834,3.0309401382252057,0.23737257408330162,1.062559328580695,-3.0,-0.00014084961418838854,0.0,-0.008570250244868311,0.0
 3.1246081979096876,5.355864925868797,3.0309633660196824,0.2373270021584271,1.0466069618799152,-2.9999999999999583,-0.00023275473385734748,0.0,-0.013945782761973075,0.0
 3.1299371245739502,5.3613995739754445,3.030986284245881,0.2372526861048128,1.0306201818871272,-3.0,-0.00033087608767498356,0.0,-0.01951670193118679,0.0
 3.135277660232015,5.366860809045159,3.0310088885436848,0.23714845646222146,1.0145985749129323,-3.0000000000000417,-0.0004356854955049407,0.0,-0.025295687320715365,0.0
 3.140629952835689,5.372248220844321,3.031031174552977,0.23701306654206994,0.9985416971019095,-3.000000000000021,-0.0005477444608559878,0.0,-0.031296400003147554,0.0
 3.145994161264835,5.3775613991393145,3.0310531379136414,0.23684518612937114,0.982449071814472,-2.999999999999979,-0.0006675239051419596,0.0,-0.03753357882888091,0.0
 3.1513704562937175,5.382799933696521,3.031074774265561,0.23664339453609728,0.9663201867278253,-3.0,-0.0007961065787281292,0.0,-0.04402313345753612,0.0
 3.1567590216630195,5.387963414282325,3.031096079248619,0.23640617300369984,0.9501544906199195,-2.9999999999999587,-0.0009338832423190783,0.0,-0.050782270371100134,0.0
 3.162160055271379,5.393051430663104,3.0311170485026997,0.23613189625471673,0.9339513897948403,-3.0000000000000617,-0.001081968085458969,0.0,-0.05782961510382044,0.0
 3.1675737705024556,5.398063572605245,3.0311376776676857,0.23581882318662187,0.9177102441016103,-2.9999999999999796,-0.0012412235507375344,0.0,-0.06518534922245836,0.0
 3.1730003977059864,5.402999429875127,3.0311579623834604,0.23546508659725965,0.9014303624910193,-2.9999999999999796,-0.0014126855616565796,0.0,-0.07287137557087582,0.0
 3.1784401858543543,5.407858592239133,3.031177898289908,0.2350686817520739,0.8851109980459141,-3.000000000000041,-0.0015974918037245122,0.0,-0.080911500418899,0.0
 3.18389340439965,5.412640649463647,3.0311974810269104,0.23462745365746188,0.8687513424100272,-3.000000000000041,-0.0017969891193061382,0.0,-0.08933161082717261,0.0
 3.1893603453604182,5.417345191315048,3.031216706234353,0.2341390830151394,0.8523505195277224,-3.0000000000000404,-0.0020126021708683274,0.0,-0.09815993036003631,0.0
 3.194841325672337,5.4219718075597205,3.0312355695521176,0.2336010703694167,0.8359075785919666,-2.9999999999999596,-0.0022460417951865224,0.0,-0.10742723305868179,0.0
 3.2003366898430334,5.426520087964047,3.0312540666200882,0.23301071860190897,0.8194214860798767,-3.0000000000000604,-0.002499027587455053,0.0,-0.11716715432211458,0.0
 3.2058468129585362,5.430989622294408,3.031272193078148,0.23236511315650105,0.8028911167333691,-2.99999999999998,-0.002773677336227092,0.0,-0.12741649021378487,0.0
 3.2113721040976095,5.4353800003171875,3.031289944566181,0.23166109995215095,0.7863152433161477,-3.00000000000004,-0.0030722986195416612,0.0,-0.1382155651967236,0.0
 3.2169130102208703,5.439690811798766,3.03130731672407,0.2308952604806225,0.7696925249463663,-2.99999999999996,-0.0033974819114907374,0.0,-0.14960862919829082,0.0
 3.222470020614585,5.443921646505527,3.0313243051916987,0.23006388377317813,0.7530214937652214,-2.99999999999996,-0.0037522548246026605,0.0,-0.1616443189030517,0.0
 3.2280436719850036,5.4480720942038525,3.03134090560895,0.2291629346936038,0.7363005396539666,-2.99999999999998,-0.004139945353941565,0.0,-0.17437617390110086,0.0
 3.2336345543187566,5.452141744660124,3.0313571136157083,0.22818801802351274,0.7195278926527087,-2.9999999999999605,-0.004564368180276727,0.0,-0.1878632298458698,0.0
 3.2392433176492403,5.456130187640724,3.0313729248518557,0.22713433762880694,0.7027016026612568,-2.99999999999998,-0.005029895678738925,0.0,-0.2021706712555458,0.0
 3.244870679899326,5.460037012912036,3.031388334957277,0.225996650025309,0.6858195159109997,-2.9999999999999805,-0.00554156452027635,0.0,-0.21737061842839425,0.0
 3.25051743600893,5.46386181024044,3.0314033395718547,0.22476921115765006,0.6688792475821874,-3.0,-0.006105108678587973,0.0,-0.2335429478364224,0.0
 3.2561844686042205,5.4676041693923185,3.0314179343354724,0.22344571565986085,0.6518781497963164,-3.0,-0.006727152798354017,0.0,-0.25077631977465376,0.0
 3.2618727605265754,5.471263680134056,3.031432114888013,0.2220192267457688,0.6348132740292519,-2.9999999999999805,-0.007415340443070019,0.0,-0.26916925533437314,0.0
 3.2675834096180383,5.474839932232033,3.0314458768693613,0.22048209558234388,0.617681326754864,-2.9999999999999805,-0.008178551612221708,0.0,-0.2888314448897478,0.0
 3.2733176462615963,5.478332515452633,3.031459215919399,0.21882586772724522,0.600478616824189,-3.000000000000058,-0.00902714473415439,0.0,-0.30988514302848236,0.0
 3.2790768543068243,5.481741019562235,3.0314721276780108,0.21704117471841897,0.5832009926885048,-3.0000000000000386,-0.00997319263377519,0.0,-0.3324668491026146,0.0
 3.2848625961853415,5.485065034327224,3.03148460778508,0.21511760734634722,0.5658437670529527,-2.999999999999962,-0.011030895181907484,0.0,-0.35672912452742506,0.0
 3.290676643251186,5.488304149513983,3.031496651880489,0.21304356742658725,0.5484016258554193,-2.999999999999962,-0.012216955286447229,0.0,-0.3828426532772987,0.0
 3.2965210126906666,5.491457954888891,3.031508255604122,0.21080609352364393,0.5308685175369793,-2.999999999999962,-0.0135512079444706,0.0,-0.4109985706996352,0.0
 3.302398012765879,5.494526040218334,3.0315194145958624,0.2083906548927299,0.5132375173113414,-3.0,-0.015057223238515742,0.0,-0.4414109583516354,0.0
 3.308310298732205,5.49750799526869,3.0315301244955934,0.20578090707828497,0.4955006594123629,-3.0000000000000377,-0.016763189516732255,0.0,-0.4743195703988062,0.0
 3.314260942571912,5.500403409806346,3.031540380943198,0.20295840024863895,0.4776487278932427,-2.999999999999972,-0.018703032301433282,0.0,-0.5099926379024654,0.0
 3.320253520817662,5.50321187359768,3.0315501795785607,0.19990222946125188,0.4596709931559922,-3.0,-0.02091780182863985,0.0,-0.5487296606680203,0.0
 3.3262922263635897,5.505932976409076,3.0315595160415643,0.19658861261616092,0.4415548765182094,-2.999999999999963,-0.023457446649236335,0.0,-0.5908637830179352,0.0
 3.332382012531944,5.508566308006916,3.031568385972092,0.19299037852295686,0.4232855180131466,-3.0000000000000275,-0.026383199959325115,0.0,-0.6367633712360306,0.0
 3.3385287811924274,5.511111458157583,3.031576785010027,0.1890763413884994,0.4048452120316962,-3.0,-0.029770641850203058,0.0,-0.686831778707946,0.0
 3.344739632100258,5.513568016627459,3.0315847087952537,0.18481053161218436,0.38621265930820486,-2.999999999999991,-0.033713767157586554,0.0,-0.7415038736934022,0.0
 3.351023198988468,5.515935573182924,3.0315921529676544,0.1801512424239649,0.36736195864357457,-2.999999999999956,-0.03833042474980993,0.0,-0.8012365607712431,0.0
 3.3573901113606794,5.518213717590363,3.0315991131671134,0.17504983945212216,0.3482612215269394,-3.000000000000035,-0.04376976954967188,0.0,-0.8664889566026445,0.0
 3.3638536431024577,5.520402039616158,3.031605585033513,0.16944926057722082,0.32887062630160496,-3.000000000000043,-0.05022226488088677,0.0,-0.9376840700662586,0.0
 3.3704306470314425,5.522500129026688,3.0316115642067376,0.16328210876424842,0.3091396145146497,-3.0000000000000506,-0.057933794193256644,0.0,-1.0151380946973163,0.0
 3.3771429424280424,5.5245075755883395,3.0316170463266707,0.15646820200429842,0.2890027283248498,-3.000000000000033,-0.06722534920377773,0.0,-1.0989313877101405,0.0
 3.3840194501360363,5.526423969067492,3.0316220270331953,0.14891139184615362,0.2683732052008689,-3.0000000000000484,-0.07852120072979303,0.0,-1.188672757500882,0.0
 3.3910996239563467,5.52824889923053,3.0316265019661945,0.1404953821075795,0.247132683739937,-3.0000000000000275,-0.09238991900868461,0.0,-1.2830617895955476,0.0
 3.3984392714665113,5.529981955843834,3.0316304667655523,0.13107816083818724,0.22511374120944327,-2.999999999999996,-0.10960495140869635,0.0,-1.3790512363512197,0.0
 3.4061211347982274,5.531622728673785,3.0316339170711513,0.12048447771310265,0.20206815121429397,-3.000000000000018,-0.13123622045474245,0.0,-1.4701647923105905,0.0
 3.414275976314963,5.533170807486767,3.0316368485228757,0.1084955168283259,0.17760362666408852,-2.99999999999999,-0.15879170234270945,0.0,-1.5428506108613425,0.0
 3.423130400166376,5.5346257820491624,3.0316392567606085,0.09483446358034743,0.15104035510984795,-3.0000000000000284,-0.19444179340211878,0.0,-1.5674836235341278,0.0
 3.4331391405622256,5.535987242127352,3.0316411374242334,0.0791459269176495,0.12101413392230037,-3.0000000000000306,-0.24138539079523505,0.0,-1.4695193172294678,0.0
 3.4455105301744196,5.53725477748772,3.031642486153634,0.06096593090155816,0.08389996508571759,-3.0000000000000155,-0.304466785231117,0.0,-0.7612248905465445,0.0
 3.473477185202992,5.538427977896648,3.0316432985886927,0.03967701698848015,0,-3.000000000000011,-0.304466785231117,0.0,0.0,0.0